gene,axis,fc1,p1,fc2,p2,fc1s,fc2s
GP1BA,轴1,0.0837153333333331,0.4041661614142905,,,0.0837153333333331,
ADAMTS13,轴1,0.0254526666666672,0.8530819581709117,,,0.0254526666666672,
ITGA2B,轴1,0.0051596666666675,0.9728736313372536,,,0.0051596666666675,
ITGB3,轴1,-0.0707893333333338,0.8828298073770252,0.1117051873333334,0.763631082411074,-0.0707893333333338,0.1117051873333334
VWF,轴1,-0.181416666666669,0.1505005413173664,,,-0.181416666666669,
SERPINE1,轴2,0.5792433333333324,0.0935256393089129,2.0717378915000007,0.1216222364497707,0.5792433333333324,2.0717378915000007
FGG,轴2,0.1865899999999998,0.0669262719100078,-2.039620837166667,0.479744381267061,0.1865899999999998,-2.039620837166667
F11,轴2,0.1801089999999989,0.0958558087716771,,,0.1801089999999989,
PLG,轴2,0.1671179999999994,0.0113670976425036,-0.991657895166667,0.6482149624697069,0.1671179999999994,-0.991657895166667
F3,轴2,0.1309586666666673,0.6044755400880462,,,0.1309586666666673,
FGA,轴2,0.0674213333333328,0.4703329891862117,-1.396700411166667,0.5643504307464599,0.0674213333333328,-1.396700411166667
PROC,轴2,-0.0190969999999994,0.8206174318757408,,,-0.0190969999999994,
F5,轴2,-0.0691873333333337,0.3806865905954211,0.7287090580000006,0.1235926405164452,-0.0691873333333337,0.7287090580000006
F7,轴2,-0.0787389999999987,0.079876966659837,,,-0.0787389999999987,
F2,轴2,-0.1042423333333335,0.3029563515084988,,,-0.1042423333333335,
F8,轴2,-0.134230333333333,0.098369941676756,-0.2045006210000002,0.4380158129572508,-0.134230333333333,-0.2045006210000002
PROS1,轴2,-0.1559436666666673,0.3649368518045036,0.798245373166667,0.1015578358329039,-0.1559436666666673,0.798245373166667
F10,轴2,-0.1607190000000007,0.2450990344135259,,,-0.1607190000000007,
CFB,轴3,1.6891450000000008,0.0957155317271054,,,1.6891450000000008,
C3,轴3,0.1058156666666656,0.2347428424965738,-0.585694968666667,0.331858390874137,0.1058156666666656,-0.585694968666667
CFI,轴3,0.0809183333333312,0.2777798714289772,-0.1425397884999997,0.9452987459530438,0.0809183333333312,-0.1425397884999997
CFH,轴3,-0.062445666666667,0.868890188848352,1.0842439550000007,0.0949916932619769,-0.062445666666667,1.0842439550000007
CD46,轴3,-0.0959933333333342,0.5144750752819313,,,-0.0959933333333342,
C5,轴3,-0.2792503333333336,0.2410430854330863,,,-0.2792503333333336,
SELE,轴4,6.244722666666668,2.334649486640046e-05,,,6.244722666666668,
VCAM1,轴4,4.626861333333332,0.0127789993553205,0.5856309938333331,0.239329680829114,4.626861333333332,0.5856309938333331
ICAM1,轴4,3.0125059999999992,0.0027870574632415,0.5536241378333342,0.1635495925266319,3.0125059999999992,0.5536241378333342
KDR,轴4,0.3973899999999979,0.1029867989918622,-0.8109315693333325,0.0016634950666752,0.3973899999999979,-0.8109315693333325
TNF,轴4,0.2466466666666669,0.1268166296591246,0.5885174588333335,0.1986538526187935,0.2466466666666669,0.5885174588333335
HAVCR1,轴4,0.0821619999999998,0.5733637738907671,0.9915465343333336,0.1442959291983809,0.0821619999999998,0.9915465343333336
IL6,轴4,0.0330869999999992,0.9267529168077658,2.101981773666667,0.0918508179848812,0.0330869999999992,2.101981773666667
HMOX1,轴4,-0.4242199999999982,0.6113647113170889,3.0547940716666657,0.0013018520248101,-0.4242199999999982,3.0547940716666657
NOS3,轴4,-0.4257496666666656,0.0241258032052037,0.2583430858333342,0.6000518875574328,-0.4257496666666656,0.2583430858333342
