symbol,log2FC,p_value,adj_p,mean_ctrl,mean_rcab,signif
SELE,6.244722666666668,2.334649486640046e-05,0.34379857448071427,3.5453759999999996,9.790098666666667,ns
ICAM1,3.0125059999999992,0.0027870574632415687,0.6657509391449594,7.243679666666668,10.256185666666667,ns
PLG,0.16711799999999943,0.011367097642503649,0.748495045351252,4.623871333333334,4.790989333333333,ns
VCAM1,4.6268613333333315,0.012778999355320593,0.7516196850285138,5.336874000000001,9.963735333333332,ns
NOS3,-0.4257496666666656,0.02412580320520371,0.7805217055194557,7.281810333333333,6.856060666666667,ns
F7,-0.07873899999999878,0.07987696665983703,0.8589098368703039,6.1478166666666665,6.069077666666668,ns
FGG,0.1865899999999998,0.06692627191000787,0.8589098368703039,3.108152,3.294742,ns
SERPINE1,0.5792433333333324,0.09352563930891296,0.8718872364449972,11.508813333333334,12.088056666666667,ns
CFB,1.6891450000000008,0.09571553172710542,0.8727446546554689,5.426956,7.1161010000000005,ns
F11,0.18010899999999896,0.09585580877167718,0.8731247751086523,4.3853756666666674,4.565484666666666,ns
F8,-0.134230333333333,0.09836994167675608,0.8747147218721326,5.287490333333333,5.15326,ns
KDR,0.3973899999999979,0.10298679899186225,0.8747710229674873,11.074386666666667,11.471776666666665,ns
TNF,0.2466466666666669,0.12681662965912469,0.8757231008935861,3.719171,3.9658176666666667,ns
VWF,-0.181416666666669,0.15050054131736643,0.8757231008935861,12.918713333333335,12.737296666666666,ns
ALB,0.1696679999999997,0.1931022836094548,0.880246561625237,2.734231,2.9038989999999996,ns
C3,0.10581566666666564,0.2347428424965738,0.8836569268912048,5.561748333333334,5.667564,ns
C5,-0.2792503333333336,0.2410430854330863,0.8854020689252252,4.804034000000001,4.524783666666667,ns
COL4A1,0.15077999999999925,0.2548065329807007,0.8858860186619217,12.599853333333334,12.750633333333333,ns
F10,-0.16071900000000072,0.2450990344135259,0.8858860186619217,4.056992666666667,3.896273666666666,ns
CFI,0.0809183333333312,0.2777798714289772,0.8922426077837594,9.693063333333335,9.773981666666666,ns
F2,-0.10424233333333355,0.3029563515084988,0.8937248774169675,5.216020333333334,5.111778,ns
PROS1,-0.15594366666666737,0.36493685180450364,0.9045295986756458,9.673092666666667,9.517149,ns
F5,-0.06918733333333371,0.3806865905954211,0.9061028433606192,4.606734666666667,4.537547333333333,ns
GP1BA,0.08371533333333314,0.4041661614142905,0.9104987635126217,5.223068666666666,5.3067839999999995,ns
FGA,0.06742133333333289,0.47033298918621175,0.921283700232205,4.163088666666667,4.23051,ns
CD46,-0.09599333333333426,0.5144750752819313,0.9289542554053766,11.491543333333334,11.39555,ns
HAVCR1,0.08216199999999985,0.5733637738907671,0.9413174178900564,3.1151063333333333,3.197268333333333,ns
F3,0.13095866666666733,0.6044755400880462,0.9473646804730222,6.019581,6.150539666666667,ns
HMOX1,-0.42421999999999827,0.6113647113170889,0.9478578493349034,11.35488,10.930660000000001,ns
PROC,-0.019096999999999476,0.8206174318757408,0.9841290737550124,4.342712,4.323615,ns
ADAMTS13,0.025452666666667234,0.8530819581709117,0.9867028232089672,5.951236999999999,5.976689666666666,ns
CFH,-0.062445666666667066,0.868890188848352,0.9874509856058816,9.749901333333334,9.687455666666667,ns
ITGB3,-0.07078933333333381,0.8828298073770252,0.9884296216222457,7.297135333333333,7.2263459999999995,ns
IL6,0.0330869999999992,0.9267529168077658,0.9937064266687988,5.803809333333334,5.836896333333333,ns
ITGA2B,0.005159666666667562,0.9728736313372535,0.9977607989933878,4.889022999999999,4.894182666666667,ns
