gene,log2FC,p_raw,p_BH
UQCRB,-1.5781669133333338,0.0008506426335545583,0.09483730688727493
NDUFB6,-1.5769581553333323,0.0010193755782354776,0.09483730688727493
CUL3,-0.9167824916666669,0.0012043084927632127,0.09483730688727493
HMOX1,3.0547940716666657,0.001301852024810102,0.09483730688727493
CYP27A1,-0.9104970476666665,0.0013440630212801976,0.09483730688727493
TXN1,1.3104176473333329,0.0013508283364401586,0.09483730688727493
AMOTL1,-1.8223376560000002,0.001473864755419727,0.09483730688727493
COX6B1,-1.9266868160000001,0.0015175479332385044,0.09483730688727493
TIMP1,3.2042202496666663,0.0015878687595074427,0.09483730688727493
KDR,-0.8109315693333325,0.0016634950666752576,0.09483730688727493
NDUFB8,-1.4851001046666656,0.001668064936064733,0.09483730688727493
TTN,-1.8635698099999978,0.001670055418150543,0.09483730688727493
CCL2,4.4991104318333335,0.0017917746784473912,0.09483730688727493
AP2S1,0.6651615213333315,0.0018287095681597803,0.09483730688727493
NDUFS3,-1.345751675999999,0.0018717889517225314,0.09483730688727493
CALM1,-0.9286386333333336,0.00208966060679144,0.0992588788225934
PPM1A,-1.0698389483333344,0.0026641445749309434,0.1054176401247516
GNG2,0.8735322131666656,0.0026725978054922116,0.1054176401247516
PDHA1,-1.8726623270000005,0.002706370386732289,0.1054176401247516
CKAP4,1.4633403915000018,0.002882080938967742,0.1054176401247516
RPS6KA2,-1.6142290551666667,0.002912855845552347,0.1054176401247516
NDUFC1,-1.786780594333333,0.0037415300013456695,0.12425410327749366
NOTCH4,-0.3399190943333332,0.003760321546555729,0.12425410327749366
VAV1,2.3153148136666664,0.003938239039712729,0.12471090292423642
GOT2,-1.2865863560000008,0.004893781201742578,0.14877094853297437
VEGFB,-2.2823782663333327,0.005242554616951477,0.15262165717072415
ARHGEF2,0.6443539681666657,0.005555813028422376,0.15262165717072415
NDUFA1,-1.6289679313333352,0.005736272482764012,0.15262165717072415
STAT5B,-1.3314096146666676,0.005823721128882894,0.15262165717072415
ARHGEF6,-0.8341339144999997,0.006460807955830666,0.16367380154771022
VEGFA,-1.934644676833333,0.0069867795914469325,0.1665479187242149
CSNK2A1,-0.8754978703333336,0.007012543946282732,0.1665479187242149
NDUFB5,-1.5061571123333355,0.007419667588367124,0.16814064222517677
HADH,-1.7788163135000001,0.008141961220343457,0.16814064222517677
TXN2,-1.1287950110000002,0.008307891349116064,0.16814064222517677
NDUFS5,-1.0893999033333337,0.008400042282555316,0.16814064222517677
AKT1,0.5590045663333321,0.00854162515239962,0.16814064222517677
ITGA5,1.4146969321666667,0.008600599426328806,0.16814064222517677
VIM,1.5073827763333334,0.00877976706191921,0.16814064222517677
FCER1G,2.222416070666668,0.009048736419093201,0.16814064222517677
SLC37A4,-1.2963632228333326,0.009126951886291599,0.16814064222517677
COX7C,-1.4034782766666662,0.0092919828598124,0.16814064222517677
UQCRFS1,-1.4306004676666664,0.009859228208858352,0.16937742143484422
TLR2,1.096840547166667,0.010129320494523723,0.16937742143484422
CCR2,1.351645573999999,0.01015680204108892,0.16937742143484422
INSR,-0.9896140383333325,0.010547707022845115,0.16937742143484422
PYGM,-1.4331322400000026,0.010912157928729509,0.16937742143484422
CPT1A,0.9464149386666669,0.011083263398162266,0.16937742143484422
YWHAE,-0.8824157413333324,0.011140441066291012,0.16937742143484422
RAC3,0.9640613193333336,0.011284759343611157,0.16937742143484422
RBX1,-1.0294325384999992,0.011366116438390863,0.16937742143484422
IL1R1,1.9880652596666666,0.011697165386505243,0.17095857103353815
PRKAB2,-1.170059418166666,0.01223053512991578,0.17489550131798248
PGM2,-1.5401824189999989,0.012616609530235282,0.17489550131798248
PPARA,-0.9781507990000007,0.012656911279590838,0.17489550131798248
NOS1,-1.5317197355000003,0.013044640142298461,0.17703440193119338
SMAD4,-0.6185565088333327,0.013378509309853138,0.1783801241313752
HSP90AA1,1.0942783341666669,0.01366291350401091,0.17903128039738433
SERPINF1,-0.8386735303333328,0.014104934246880946,0.18144140006390644
APC,-0.6202806961666676,0.014324321057676824,0.18144140006390644
LRP6,-0.43693254583333285,0.014617621522465539,0.1821211861815379
HCK,1.803004811,0.01585922778530339,0.19109009690971707
UBA52,-0.8256824830000014,0.01587781100914685,0.19109009690971707
CXCL1,2.3582651866666673,0.01609179763450249,0.19109009690971707
PTCH1,0.4852057813333346,0.016819015947395044,0.19384487608218545
HADHA,-1.2560780720000002,0.016833897133452947,0.19384487608218545
PIK3CA,-0.7325490943333337,0.018238455966624368,0.20449008201568838
PTGS2,0.6749364580000003,0.01856766448289638,0.20449008201568838
CD44,1.1040862885000005,0.018935423264366785,0.20449008201568838
CTNND1,0.2035699089999996,0.019076733488380078,0.20449008201568838
TCF7L1,0.9005330548333328,0.019217883968606065,0.20449008201568838
ATP6V1E1,-0.6900221440000003,0.019372744612012584,0.20449008201568838
MLXIPL,-1.3726988875000004,0.020199753638408296,0.20751469746011914
NCF1,1.7555620553333338,0.020205378436906337,0.20751469746011914
SOD1,-0.3623561886666664,0.020489407308430515,0.20762599405876256
PTPN11,-0.5639784596666662,0.02124415439569766,0.2124415439569766
RASGRP4,1.640535721,0.022014029769779706,0.21728133279263084
SREBF1,-0.7943989413333332,0.022765917147581444,0.2209482789331864
LOX,1.370290238,0.022966992152265428,0.2209482789331864
SKP1A,-1.0217373698333336,0.02360602534012941,0.2242572407312294
ACAA2,-1.423751228333333,0.02446458629555472,0.22629390413469944
ACACB,-1.4080088965000002,0.0249880645687802,0.22629390413469944
APLP2,-1.355732148166667,0.025379159332975725,0.22629390413469944
CTSW,0.9406453621666673,0.0256692573611923,0.22629390413469944
RAC2,1.8488745836666665,0.026217645014545325,0.22629390413469944
FZD2,0.49733958150000035,0.026576753220465144,0.22629390413469944
RELB,0.7222306856666663,0.027731642969460835,0.22629390413469944
SMAD6,0.4701185540000008,0.027926670166121836,0.22629390413469944
CASP4,2.152243927833333,0.0280123943580337,0.22629390413469944
KDM2A,-0.3618101046666675,0.028114654614838575,0.22629390413469944
MAF,-0.7890725823333335,0.02820977388532261,0.22629390413469944
UQCRH,-1.4593077259999987,0.028221929488177692,0.22629390413469944
TNN,1.7420251565,0.028224401135583745,0.22629390413469944
CUL1,-0.5708589953333343,0.028416552995196343,0.22629390413469944
CREBBP,-0.23454080866666605,0.028565096952146984,0.22629390413469944
TLN1,0.7794645363333332,0.028584493153856774,0.22629390413469944
SYK,1.0697944335000003,0.029303999410397477,0.22822508531516306
CCR1,1.3646096188333328,0.0294290241590605,0.22822508531516306
PIK3R5,1.4439567111666665,0.030389490469257638,0.2332930581478364
GCNT1,1.9626523691666669,0.03169358466545993,0.23569426217649936
ANGPTL4,1.2558725566666666,0.03198972519608804,0.23569426217649936
CDKN1A,0.9189535903333326,0.03208796395010283,0.23569426217649936
PRKACA,-0.9483899880000006,0.03225169534037771,0.23569426217649936
ADIPOR1,-1.0686264501666676,0.03225289903467886,0.23569426217649936
HIKESHI,-0.6733943409999998,0.0327650963391622,0.23577420236245514
PRKCA,-1.5619789818333336,0.032884296645289794,0.23577420236245514
TLR8,1.3725393671666661,0.03356243270396134,0.2375282238329779
TGFB1,0.7732950110000001,0.034105739663058736,0.2375282238329779
GPC4,-0.8046198215000002,0.034264552027671,0.2375282238329779
TRAF2,0.39698760383333287,0.03449077185770119,0.2375282238329779
CXCR6,0.7639037219999993,0.034691622165079664,0.2375282238329779
NCKAP1L,1.1294728764999986,0.035589184333604695,0.24108244829143335
LGALS3,1.6796715938333335,0.035845153495963115,0.24108244829143335
MMRN1,-0.6334585004999997,0.03730591413577255,0.24870609423848367
DYNLL1,0.8427093486666664,0.037807822066188,0.249548139011939
ADH6A,-0.48043779283333343,0.03840856367147793,0.249548139011939
PSMD13,0.3344476639999998,0.03841727929525903,0.249548139011939
AKR1B8,1.816142381833334,0.03904161857644158,0.2514544925262339
C3AR1,1.9829514858333344,0.04058855196406831,0.2592210041402682
CASP12,0.3478819106666666,0.041266085436246484,0.26135187442956104
NEDD8,-0.4312677028333347,0.04217265364608517,0.26338617342927606
FPR1,1.2501293593333322,0.0423618550490782,0.26338617342927606
HIF1A,0.7854480791666667,0.04262697280500125,0.26338617342927606
BIRC3,1.3533992384999998,0.043556507397020376,0.2669592388849636
GSK3B,-0.5112365675000001,0.044704692500608066,0.2705746319566809
SLC25A10,0.5320529451666669,0.04498973776314098,0.2705746319566809
NCOR2,-0.5511328781666673,0.04521444507697167,0.2705746319566809
MYL2,-4.086208910000001,0.04590376264553713,0.2725535907078767
MYD88,1.2438409301666669,0.04706396274208639,0.2772498608140077
JAK1,-0.2728125994999999,0.047665637359611344,0.2772498608140077
LOXL1,0.8510325686666675,0.04778912074557238,0.2772498608140077
CD14,1.4809912038333328,0.04831504722650315,0.27795469250956334
FN1,0.5090452248333346,0.04899124747670511,0.27795469250956334
MECP2,-0.5688684168333333,0.04934629612847641,0.27795469250956334
GLI2,1.048207072166667,0.04960890941057314,0.27795469250956334
LRRC32,0.8924549046666659,0.049855996908429026,0.27795469250956334
S100A4,2.1710364549999994,0.05023011132192215,0.27795469250956334
FGL2,1.2756305158333339,0.05047072048199966,0.27795469250956334
CAT,-1.2151530198333331,0.05115468833803551,0.27969469882666903
LPL,-1.1799798570000002,0.05258536460647972,0.28079272037574426
CCL4,2.2489675956666675,0.05298775903806531,0.28079272037574426
PDGFB,-0.49200654933333254,0.05311967192290173,0.28079272037574426
DLL1,1.1367591084999997,0.053285205653516333,0.28079272037574426
NFAM1,1.8679063969999996,0.05380561924165638,0.28079272037574426
PIK3R4,0.3688796104999996,0.05418721229691114,0.28079272037574426
THBS1,0.7088867316666665,0.05458294174907135,0.28079272037574426
CDH2,0.574261166666667,0.05467739042064014,0.28079272037574426
IL10RA,0.8075996258333324,0.05497787546195136,0.28079272037574426
BANF1,-0.490003340166667,0.055050151757876184,0.28079272037574426
TEK,-1.0845290578333326,0.05593350209697364,0.28177184395360194
AIM2,0.8396932458333328,0.05598361636446565,0.28177184395360194
RELA,0.7719875416666664,0.056729803750265324,0.2831299896184441
SEM1,-0.6280198858333339,0.05724808748680299,0.2831299896184441
KAT6A,-0.21048430450000044,0.05739897119905865,0.2831299896184441
SPOP,-0.9429153950000009,0.057743616303761625,0.2831299896184441
PTPRC,0.9659979971666663,0.05861383263558978,0.2851541288045284
ATP7A,1.324366300666667,0.05890683976619863,0.2851541288045284
BCAP31,0.47055808483333283,0.06011800851077369,0.2876860931720869
PCCB,-0.5590053933333321,0.060630815466856884,0.2876860931720869
EGR1,0.6087370796666676,0.06088914519132571,0.2876860931720869
SMAD3,-0.7915537749999997,0.06103932868190295,0.2876860931720869
ELN,-0.7272270853333334,0.061582165231617574,0.2876860931720869
SIRT1,0.6430683588333332,0.0617624321983392,0.2876860931720869
LYN,0.9090279265000003,0.06270840528305337,0.2876860931720869
CSF3R,2.3215607333333343,0.06314074035222475,0.2876860931720869
AXL,-0.3873478986666674,0.06352306969109404,0.2876860931720869
NKG7,0.7076470818333331,0.06373650448107013,0.2876860931720869
CTSL,0.8732415530000006,0.06431520965900189,0.2876860931720869
MMUT,-1.222565299666666,0.06433580842285441,0.2876860931720869
CFLAR,0.3593078639999998,0.06521964637029305,0.2876860931720869
CCS,-0.5240770748333334,0.06540554317864071,0.2876860931720869
LAMTOR2,-0.8139591334999974,0.06556725358715343,0.2876860931720869
TCF7L2,0.7353929811666671,0.06608595148252443,0.2876860931720869
PPARGC1A,-0.952232281333333,0.06649292011885458,0.2876860931720869
MAP1LC3A,-1.266697606666666,0.06709704669696746,0.2876860931720869
E2F4,0.6894187971666659,0.06716936225811533,0.2876860931720869
NLRP3,1.4442276491666677,0.06742195253600555,0.2876860931720869
FCER1A,0.9234350395000006,0.0678766495188299,0.2876860931720869
CD180,1.0873912388333329,0.06836390128468446,0.2876860931720869
NID1,-0.6683802531666663,0.06880161837065177,0.2876860931720869
GNPTAB,0.4904241161666656,0.06882728374088218,0.2876860931720869
MMP8,1.4086275808333335,0.06923456920391491,0.2876860931720869
SCD4,1.1886394151666662,0.06928842200039459,0.2876860931720869
CYFIP1,0.6970582125,0.06965031729429472,0.2876860931720869
TRIB3,0.5035905546666672,0.0705318378719478,0.28841146586649813
FGF15,1.4786889104999998,0.07058491138311665,0.28841146586649813
CCNA2,2.615435353833333,0.07184767975081233,0.29126534693140455
CSNK1D,0.6061948545,0.07204984897776849,0.29126534693140455
SIGLECF,1.7556690838333338,0.07255898379599889,0.2917715750526939
ADPGK,0.4202897021666665,0.07429541300613443,0.2971816520245377
PLCG2,1.589932821333333,0.07589521333750211,0.2981375756564843
ITGA4,0.627112159666666,0.07596274272269851,0.2981375756564843
YWHAG,-0.24282956733333094,0.076021314714444,0.2981375756564843
DLL4,-0.37552027966666657,0.07651900677500596,0.2981375756564843
MAPK11,0.6615407993333324,0.07663995912993786,0.2981375756564843
VAMP8,-0.2656663230000005,0.07688811161667226,0.2981375756564843
HSP90AB1,-0.7581367521666662,0.07787300588679351,0.2991262114824948
CD209E,0.8609356209999999,0.07793024983359734,0.2991262114824948
DUSP8,-0.815934429166667,0.08020402585004122,0.30499942346469044
CXCL10,1.240148662666667,0.08071404262027213,0.30499942346469044
SERPINH1,0.679259424333333,0.08092401440524782,0.30499942346469044
PLPP4,1.6043819620000006,0.08106563623666772,0.30499942346469044
CYP7A1,1.0268613040000005,0.08329582931224376,0.3118464545680062
ITGA1,-0.6781276940000014,0.0847728918197391,0.31582057736765545
GREM1,0.6286569144999996,0.0861869409436184,0.31952231764463407
PARP4,0.34857435816666715,0.08746525359875994,0.3226873433740658
TNFSF14,1.9625968436666663,0.08933614341979963,0.3269185511556554
FLNB,0.12897979716666708,0.08947244557944252,0.3269185511556554
KLF5,0.8270828683333331,0.09124722933611812,0.33114901012438686
IL6,2.101981773666667,0.09185081798488122,0.33114901012438686
WAS,1.0937503206666674,0.0919374225476916,0.33114901012438686
ACTA2,0.783130692666667,0.09313777692607923,0.33270493827947
CD3D,0.7138565081666668,0.09324493664937777,0.33270493827947
MAPK1,-0.508991913,0.09381837886527263,0.33318676606358505
THBS2,0.39123772333333307,0.09499088349004962,0.33359098421974975
CFH,1.0842439550000007,0.09499169326197698,0.33359098421974975
RAP1B,0.9509557850000006,0.09551947602234823,0.33359098421974975
DOCK2,1.001084789,0.0956879402104019,0.33359098421974975
NRP2,0.4489504139999996,0.09647908469230151,0.33481326194588656
EPHX2,-1.2628742405000004,0.09705073326776137,0.3349106619180439
PRAP1,1.5390057648333335,0.09738849511037857,0.3349106619180439
RAPGEF1,-0.33191833066666465,0.09867940810157656,0.33669136540732103
H2-AB1,-1.6776800521666653,0.09928177430500237,0.33669136540732103
LGMN,1.1446492159999995,0.09935967863112363,0.33669136540732103
MMP3,2.3010579296666664,0.0999416534203841,0.33669136540732103
ITGB1,0.3738277501666669,0.10012137971322967,0.33669136540732103
SDC3,0.8317636963333346,0.10089453034761767,0.3370478394454454
CD3G,0.22777071983333474,0.10140588112481502,0.3370478394454454
PROS1,0.798245373166667,0.10155783583290394,0.3370478394454454
KANSL1,-0.41754124283333294,0.10260977859128484,0.33753559484945556
EEF2K,0.23284710250000007,0.10332991132893647,0.33753559484945556
YWHAQ,0.4697415083333336,0.10335427825297859,0.33753559484945556
RPS6KB2,-0.7734984051666665,0.10348130736831991,0.33753559484945556
H2-OB,1.7480595445000002,0.10608758033314238,0.34451189880143246
ATF4,-0.5374196741666672,0.10697350724493444,0.34451189880143246
EHMT1,-0.8200974921666666,0.10698001068044483,0.34451189880143246
COL7A1,1.0225279781666665,0.10760705407283222,0.3450690341576054
LOXL4,0.8165202098333326,0.10901374440075383,0.346459319496124
XCL1,1.149943903333333,0.10962386615563444,0.346459319496124
PSMB7,-0.37879678366666614,0.10985979587508395,0.346459319496124
ERC1,-0.3814491914999998,0.10986407368232352,0.346459319496124
PPP2CA,-0.2567477693333329,0.11059178749591332,0.3467769563111121
CHMP4B,-0.5706498968333342,0.11087736892578978,0.3467769563111121
CASP8,0.7580816635000005,0.11198964846535411,0.3488202165314308
IL1B,1.629311003833334,0.11335132285991663,0.35002770668401445
CD36,-1.083790947333334,0.11369047506817738,0.35002770668401445
MAP3K1,-0.6397912399999992,0.11375900467230471,0.35002770668401445
KIR3DL1/2,1.2785923464999995,0.1164146139081947,0.3567544619767257
EP400,0.42979976516666696,0.11726675385481401,0.35704004935792716
HSBP1,-0.8878031289999999,0.11744738465721288,0.35704004935792716
TPSB2,1.1989892473333335,0.1196253706870839,0.3602344014133856
EPAS1,-0.6035760363333305,0.12036818153062828,0.3602344014133856
ATP6V1F,-0.6023944430000006,0.12051065695815417,0.3602344014133856
CXCR3,1.2436490218333334,0.12076977738909848,0.3602344014133856
CD68,1.8348392426666669,0.12086812152685965,0.3602344014133856
SERPINE1,2.0717378915000007,0.12162223644977076,0.36106601446025693
LTA,1.3031657636666667,0.12250905792257083,0.36145395038072536
PRKAG1,-0.6629241504999985,0.12270410420819361,0.36145395038072536
F5,0.7287090580000006,0.12359264051644524,0.36191195439165597
LAMC1,-0.2524481365,0.12422956297922622,0.36191195439165597
H2-T23,-0.503796114,0.12429488758727382,0.36191195439165597
OAS1A/G,1.0172219379999996,0.12488622254969095,0.36191195439165597
ICOS,0.650440568833333,0.12557019217749116,0.36191195439165597
FBP1,-1.077406900666666,0.12628243228979258,0.36191195439165597
CSNK1A1,-0.437585162166668,0.12631879300462712,0.36191195439165597
ABCA1,0.6588384356666666,0.12666918403707958,0.36191195439165597
TRRAP,-0.46154645600000066,0.12905474016882246,0.3673468259487081
OGT,-0.49841197866666853,0.13046735423973557,0.3699820493365636
PLCB2,1.1495936973333332,0.13140349246423794,0.3712515028729399
TGFBR2,0.37212992466666606,0.13270582316416868,0.3725819450760021
COL5A3,-0.5510692143333324,0.13307218659361017,0.3725819450760021
MASP1,-0.13062511216666595,0.1344923089906061,0.3725819450760021
ROCK2,-0.47792283566666605,0.13460487981709246,0.3725819450760021
SCD2,-0.6744274920000004,0.13466556273117017,0.3725819450760021
FAS,0.8078222901666665,0.13481583538934286,0.3725819450760021
KLKB1,-1.7616023073333333,0.13629051994593838,0.3733869421407081
AKR1B7,1.7069763488333338,0.13677293804767227,0.3733869421407081
LIPG,0.6442507796666668,0.13695445941232356,0.3733869421407081
PCX,-1.627609878166667,0.1376277671503309,0.3733869421407081
COL1A2,-0.9220691483333336,0.13778200701999033,0.3733869421407081
COL6A5,0.8725170041666672,0.13817316595700582,0.3733869421407081
PTPN6,1.2160418835,0.13854620747852592,0.3733869421407081
FAP,-0.7479804715,0.13912107010460464,0.3736113543445213
IL1RAP,1.2809765579999999,0.14054825891171083,0.3761150590595078
SSR4,-0.49369167616666765,0.1416560103209313,0.37712728295794673
PTPN12,0.39733941683333196,0.14191895121838521,0.37712728295794673
JMJD4,-0.3810678603333342,0.1431382665052613,0.378354126391462
HIF3A,1.6366774214999995,0.14427465816047202,0.378354126391462
HAVCR1,0.9915465343333336,0.14429592919838097,0.378354126391462
LEPR,0.44783014266666665,0.14437196928095258,0.378354126391462
TJP2,0.521379115666667,0.14523382121150535,0.3793048251571961
MAML2,0.3091093676666672,0.1462799628104167,0.3800057553862485
NOTCH1,0.23488501533333395,0.14657489236180601,0.3800057553862485
ERP29,0.578125318833334,0.14700222642573296,0.3800057553862485
GAS1,-0.6451164121666668,0.14844450272037585,0.38243329514401914
NCAM1,0.682177343666666,0.15106200087044563,0.3878618941268199
TRADD,1.0748756451666663,0.15341440242251572,0.39257557522259917
FOXP3,-0.5425258219999995,0.15532276856462832,0.3932741233208325
PTPN1,0.7014103243333336,0.15651538986317098,0.3932741233208325
GPX2,1.423209236833333,0.1565567459874779,0.3932741233208325
CYP2C65,1.201748047833333,0.1568206370607158,0.3932741233208325
PELI2,0.1824465188333333,0.1574735110816079,0.3932741233208325
PSMB8,0.3642360526666666,0.15758054729973373,0.3932741233208325
IL33,1.0500861756666664,0.15770802600070172,0.3932741233208325
MKI67,2.4721863963333335,0.15782711528007093,0.3932741233208325
MS4A1,1.7050054426666668,0.16075756350028952,0.39926715117718964
PRLR,0.4271763763333336,0.16157824972107873,0.39999827292514606
ICAM1,0.5536241378333342,0.16354959252663195,0.4035639296111697
FABP5,1.265788391,0.1643339701675491,0.4041871110917065
MS4A4A,1.8606346658333335,0.16566469176847942,0.40495032263562103
DERL2,0.3410741245000004,0.16649745624224582,0.40495032263562103
TGFB1I1,0.5051153820000005,0.16667811344136418,0.40495032263562103
RIPK3,1.2400860173333328,0.16677559340124917,0.40495032263562103
RAB7B,0.7488879654999998,0.16829311435490793,0.407116556130903
LTB,1.5660488931666667,0.16873909892267688,0.407116556130903
NR1H3,-0.05133488133333319,0.1711416829801989,0.4116065793194657
MET,-0.555383377000001,0.17264322601683818,0.41316301942821115
CPA3,0.7802448491666665,0.17287610549759364,0.41316301942821115
OAS1B,0.5955539881666665,0.17378432380562087,0.4133348580863194
ZFYVE16,0.15720089983333363,0.17425436449131784,0.4133348580863194
NPC1,0.5610206495000005,0.17457959137593226,0.4133348580863194
LAMTOR4,1.6675359825000005,0.17516566565073224,0.4134344903557655
SCIN,0.44824037483333345,0.17613498197673286,0.4135908495825692
GBP5,-0.5166297564999995,0.17676552395338394,0.4135908495825692
PTGER4,0.39656970216666654,0.17686611300534377,0.4135908495825692
FLI1,0.4603719736666667,0.1779004058407524,0.4135908495825692
JUN,-0.7206499356666658,0.17805419527669616,0.4135908495825692
CD3E,0.49031108116666644,0.17849710350405618,0.4135908495825692
SUGT1,-0.28920846216666707,0.18272698957510283,0.4198467634196184
SNAI2,0.40037881550000076,0.18278205829662336,0.4198467634196184
STAT3,0.38001196600000053,0.18285431406828118,0.4198467634196184
SOS1,-0.6310542230000005,0.18480685250574888,0.42204503468108995
LPAR5,1.0517315111666665,0.18492236388000388,0.42204503468108995
IL4,2.6021100649999998,0.18576942404763322,0.4227088690904229
SEC61B,0.551757782000001,0.18726653365879012,0.4238019841796863
DERL1,0.40849183566666625,0.18736508774259816,0.4238019841796863
FGD2,0.32746450533333427,0.1904677939246902,0.429124919991613
YWHAB,0.3404294769999998,0.19157574115005518,0.429124919991613
FASN,-1.8249768886666677,0.19197630252802428,0.429124919991613
RELN,-0.28502451600000045,0.19197693789098474,0.429124919991613
CSNK2B,-0.38011299033333223,0.1931560302257902,0.4304943782158374
ISG15,1.1213461256666664,0.19522985869130616,0.4338441304251248
TNF,0.5885174588333335,0.19865385261879356,0.43883366432515847
GBP3,-0.7209342748333336,0.19895987096852186,0.43883366432515847
FLT1,-0.32358819299999997,0.19920738709497324,0.43883366432515847
MMP2,-0.5323735373333331,0.2020681423915991,0.4438490988948419
ATG101,-0.6098044788333326,0.2037938185092368,0.4451359217032683
PTK2B,1.0009547618333325,0.203825395727286,0.4451359217032683
TLR1,0.8786407783333336,0.20646203657951223,0.44757615788582383
PDE3B,-0.2740302933333334,0.20661107135274295,0.44757615788582383
ALAD,-0.5195829056666668,0.20670951502358442,0.44757615788582383
KLRD1,0.9350664280000003,0.20812252033886192,0.4478321203427681
PELI1,-0.37722665483333273,0.20837434082413023,0.4478321203427681
BCL2L1,0.8768132018333326,0.20859548763334196,0.4478321203427681
CD8A,0.47982636916666666,0.21035684387894868,0.4503123100744053
SCD1,-1.6874699223333316,0.21093576629801092,0.4503123100744053
H2-Q1,0.980797248,0.21241132709700106,0.45219218093479213
IL2RB,0.5955632405000006,0.21599529471136822,0.4570979265843299
IFI27,0.41552743916666746,0.21640466948986053,0.4570979265843299
KMT2D,-0.41959397233333195,0.21706608064559493,0.4570979265843299
MARCO,1.2280524455000004,0.2171215151275567,0.4570979265843299
NRIP3,0.5955226276666661,0.21800850766569313,0.4576974194086375
RPS27A,0.962487034,0.22054324802085112,0.4617434393824982
PIDD1,0.5470816266666665,0.2212158270804675,0.4618791993987783
UBE2N,-0.11158253516666683,0.22778974026122598,0.47397918916219145
CFHR1,1.2730409588333331,0.22825839899126588,0.47397918916219145
FURIN,-0.2556776663333338,0.22894315953462036,0.47410572546678875
HCFC1,-0.2985362266666671,0.23092598045635113,0.47691235094246426
IFI35,0.3206457759999992,0.2325535141700365,0.4789720075046822
SSR2,0.5249591824999991,0.23327825927844148,0.47916615419355546
CDKN2C,0.3275656444999999,0.23479105786814286,0.4797056733689233
IL18R1,0.8028374208333329,0.23530623386778432,0.4797056733689233
COL1A1,-0.924236023333334,0.23543449495606364,0.4797056733689233
IFNG,0.615540545,0.23775391273138533,0.4819175921521217
HCAR2,0.6001451563333342,0.23796305061505313,0.4819175921521217
SUFU,-0.09964392549999967,0.23842238769631283,0.4819175921521217
VCAM1,0.5856309938333331,0.23932968082911407,0.4824683220958268
GRB10,-0.6778345570000006,0.24215949453324295,0.48562321144864384
MFAP3,0.7765666058333336,0.2421726278145211,0.48562321144864384
CSF1R,0.41187958916666734,0.24363931622080628,0.48727863244161257
ITCH,0.19091380533333346,0.2451190409418112,0.4889513677579436
MEFV,1.512327608333333,0.2474127883277857,0.4909973153502357
RNF152,0.5355323054999994,0.247436804972553,0.4909973153502357
LRP1,0.4249570983333335,0.2483270162680259,0.49148055303046795
RAC1,-0.3882123606666674,0.2500257341696795,0.49341304165049765
KNG1,-1.857464335,0.25060188694354224,0.49341304165049765
HMGCS2,0.6620358048333332,0.251851683671252,0.4937841142127525
P2RY13,1.0773446543333334,0.25208978462440523,0.4937841142127525
KLRB1,0.6286775798333331,0.2536461375660692,0.49555543586172895
LRP2,1.0193348540000002,0.254832052553501,0.49659579471964294
FRS2,-0.2532817275000001,0.2570837847873006,0.49970249728477867
CPN1,-0.7582813663333332,0.25870758767187607,0.5009613723546311
PSMB1,0.1860712151666677,0.2598289380009917,0.5009613723546311
IL21R,1.103682399166666,0.2598613973751936,0.5009613723546311
ACSL4,-0.37046730200000155,0.26036808168431486,0.5009613723546311
CSNK1E,-0.5339643288333331,0.263258999332411,0.5039126913204635
NCEH1,0.2725136085000006,0.26419497390716434,0.5039126913204635
CD163,0.7045754899999999,0.2644776286187789,0.5039126913204635
DDR2,0.4268165823333332,0.2653212597586891,0.5039126913204635
ATP6V1G2,0.27426322666666625,0.26620339340230176,0.5039126913204635
CTSD,0.5377869203333336,0.26628096184453637,0.5039126913204635
IRS1,-0.5673554078333343,0.26654329198792936,0.5039126913204635
PKHD1,0.5970235471666658,0.2680082857910917,0.5054250550899
SORBS1,-0.5465770230000002,0.2710433013264696,0.5098834381389032
ATF7IP,-0.3760334409999997,0.2737995203364932,0.5137966307549008
CD86,2.3071081850000006,0.2746569944168427,0.514136245706405
XAF1,0.6966413780000007,0.27604770264250184,0.5154699115683081
AMOTL2,0.5294907696666655,0.2795181076757498,0.5204026788095196
LOXL2,-0.4348675669999995,0.2800588100435441,0.5204026788095196
TRAT1,0.7263509966666666,0.2830914978819367,0.5233794124987499
MMP9,1.2979595583333339,0.2850764936810894,0.5233794124987499
SRC,0.7844053629999985,0.28571054284717423,0.5233794124987499
NCF4,0.6801635705000004,0.28582230097628364,0.5233794124987499
CTBP2,-0.3114753248333333,0.2862786345498179,0.5233794124987499
SPP1,2.5942629838333326,0.2865656861077502,0.5233794124987499
DUSP7,-0.21889795099999976,0.28718900426520033,0.5233794124987499
CXCR4,0.9288804951666663,0.2883961145316665,0.5233794124987499
PRDX1,0.47307330350000143,0.28843450710767476,0.5233794124987499
DDIT3,-0.37200756050000017,0.2888991820428481,0.5233794124987499
TPSAB1,0.3901465498333332,0.2897059504611242,0.5233794124987499
PSEN2,0.4821961253333331,0.2899246482394391,0.5233794124987499
PRF1,0.43108568300000005,0.2925554224851262,0.5268770641912226
MAP2K1,-0.3190167549999998,0.29577964547039226,0.5314244221217449
EGFR,0.18280361516666677,0.300273047333225,0.5382252735218185
AQP8,-0.2938587090000002,0.3013504276434226,0.5387987384202824
COX7B,-0.41605983733333307,0.3029173793026637,0.5387987384202824
TLR6,0.6996038148333326,0.30372955288432474,0.5387987384202824
FGF2,0.22504531116666637,0.3040026568576242,0.5387987384202824
PLIN4,-0.44781661866666767,0.30413770892408043,0.5387987384202824
SMAD2,0.5421850436666658,0.3062186961240913,0.541223741986766
SPIB,0.5127381986666668,0.3077302373095655,0.5415970849239128
MMP13,0.754647296166667,0.30785518511464516,0.5415970849239128
ADAM17,-0.249901759000001,0.3104660973256594,0.5439229535567918
TBL1XR1,-0.43266706916666653,0.3106086340047995,0.5439229535567918
RGS7,0.5255838398333328,0.31263204499041286,0.5462077107878478
PLCG1,-0.16951300899999833,0.316278346947166,0.5513108799996471
PSMC3,-0.23665161633333298,0.3180877221560187,0.5531960385322064
C1S1,-0.46430134533333334,0.3224868843207985,0.5589178914048638
IL2RA,-0.16833507866666642,0.3236894113118402,0.5589178914048638
CEACAM3,1.0339929078333334,0.3237742173992332,0.5589178914048638
GPR65,0.6044697421666658,0.3243384286487446,0.5589178914048638
PNOC,0.3707828598333327,0.3253359063419491,0.5589178914048638
P3H3,0.4994385124999985,0.3257902972267825,0.5589178914048638
FCGR4,0.5759113101666671,0.32710037445954787,0.5599015418676946
GLP1R,0.5533034713333338,0.32931696344679523,0.5608139822354795
IQGAP1,0.510163425,0.32932154611692044,0.5608139822354795
PIK3C3,0.717051773333333,0.32999535411041747,0.5608139822354795
BRAF,0.5667321671666663,0.33096704302973085,0.5608139822354795
C3,-0.585694968666667,0.33185839087413704,0.5608139822354795
MAML3,0.2305165813333332,0.3320609105341655,0.5608139822354795
COL16A1,-0.1646547569999992,0.33344969216448933,0.5613366571227854
H2-DMB2,0.522789580833332,0.3347679928564577,0.5613366571227854
ACACA,-0.5707248956666673,0.33483347430899474,0.5613366571227854
GZMB,0.7779987909999999,0.33532479254440073,0.5613366571227854
ADIPOQ,0.8275037050000007,0.3361067192612534,0.5614090255792364
ISG20,0.3984916995000001,0.33927745479378174,0.5654624246563029
PRKAG2,0.4939436499999994,0.3410410994584881,0.5667575764546897
HTRA2,0.6361336218333333,0.3415460131792736,0.5667575764546897
IRAK3,0.5301004501666666,0.34312219466547816,0.5676790187027395
MUC5B,1.0962464931666673,0.3437684784351007,0.5676790187027395
IL12RB2,-0.5194289016666662,0.34434214160784593,0.5676790187027395
HC,-1.5306680714999996,0.3455334884982188,0.5684100676594075
APOA4,-0.19681104433333285,0.34763857246468816,0.5706378295316695
GZMD,-0.6482318323333334,0.3514618974868779,0.5732675875700992
CCL19,-0.5050841088333335,0.352069596870695,0.5732675875700992
DOCK1,-0.11147623733333312,0.35221673517708296,0.5732675875700992
PDE2A,0.1848449315000007,0.35267851227697466,0.5732675875700992
CD8B1,0.36191006733333353,0.35301214603000847,0.5732675875700992
SCD3,1.1241461714999992,0.3546246520779593,0.5741434380642166
STAT5A,0.20599821666666696,0.3550623893291866,0.5741434380642166
CHIL1,3.195540331333333,0.3561594347540578,0.5746946293271421
XBP1,-0.19576683700000075,0.3580140759723165,0.5755124959151828
NOTCH2,0.21286148566666707,0.3581808033787914,0.5755124959151828
CBL,0.3153148133333339,0.36162433994713383,0.5798196167928729
IRF4,0.5160913986666662,0.36243755127786276,0.5799000820445803
DIAPH1,0.14337546666666778,0.36466683350499624,0.5820835029241643
LDLRAP1,-0.26242697150000094,0.36533398801950845,0.5820835029241643
CASP3,0.19803016349999947,0.36895086022119683,0.5866164304772167
HKDC1,-0.5806776089999999,0.37331924759121293,0.5911473706650312
UBE4B,-0.591950205999999,0.37335623410423024,0.5911473706650312
PSENEN,0.09719612716666504,0.37848786041941135,0.5976653657597351
ADH4,0.5566957293333328,0.38031056780171785,0.5976653657597351
CFTR,0.7954993793333327,0.3804699709059191,0.5976653657597351
H2-AA,-0.2519146861666668,0.38072992040478837,0.5976653657597351
BAX,0.2580009331666666,0.38140487157035724,0.5976653657597351
DAPK1,0.12845983400000005,0.3842464613160769,0.600879239918145
HDAC4,0.17085039416666614,0.3861721516877548,0.6018351596308533
CREB1,-0.34109703616666653,0.3864415235524426,0.6018351596308533
MEF2A,-0.1874360338333334,0.3894554737579183,0.6025045140741505
CYP2E1,-1.4587538466666663,0.3909991075062333,0.6025045140741505
PNPLA3,-0.4951641456666671,0.39136681229391085,0.6025045140741505
CD84,1.1572605285000002,0.39155140570490116,0.6025045140741505
CCR4,0.5476309945000004,0.3920545506417255,0.6025045140741505
SEH1L,0.5864933096666674,0.3924129484248309,0.6025045140741505
HSPG2,-0.5870060116666682,0.3924207032456638,0.6025045140741505
RAPGEF2,-0.2151522643333328,0.39411517899316867,0.6038861613605003
TJP1,0.25375439150000023,0.3962243375398231,0.6048631377728376
ANAPC1,-0.5858944788333336,0.39716473303748373,0.6048631377728376
LIPA,0.5891782560000003,0.397552556603381,0.6048631377728376
CASP7,0.17000112233333375,0.39988255423380736,0.6048631377728376
NF1,-0.23809999799999915,0.39988826336111,0.6048631377728376
CXCL12,0.47353654000000134,0.40033166880844945,0.6048631377728376
LATS1,-0.2547236238333337,0.4005186226930722,0.6048631377728376
TRAF6,-0.16610390500000083,0.4011197650493555,0.6048631377728376
SMURF1,0.33893924050000024,0.40265050847839495,0.6059690820664954
SKP2,0.5040374878333331,0.40352530642675744,0.6060854404828768
BST2,0.5460092371666674,0.40517592772081956,0.6073643097984672
IL6ST,0.14240944950000145,0.4118630826850684,0.6138923725009686
CARD9,1.3226746623333332,0.41207038293949316,0.6138923725009686
IKBKB,0.18758769633333383,0.41240595885037645,0.6138923725009686
NLRC4,0.26285758450000074,0.4127618451947302,0.6138923725009686
RETN,-0.3682317673333335,0.41439141806540564,0.6150068618147012
ALDH7A1,-0.3199739536666657,0.41573721109298484,0.6150068618147012
MAPK9,0.06861464766666625,0.4159388512799426,0.6150068618147012
PTK2,-0.24683441783333393,0.4172162915012641,0.6151322096295432
COL5A1,-0.25274898450000016,0.4181916395447392,0.6151322096295432
SKI,0.1588472843333335,0.4184517794453603,0.6151322096295432
GLI3,0.48518397533333335,0.42352047736581583,0.6213813953629731
PRKDC,-0.2963516868333329,0.4278842842190485,0.6254642345408241
KIF3A,0.3638274001666666,0.42805599064237304,0.6254642345408241
TLR4,0.36846315299999954,0.4287721923628544,0.6254642345408241
GLI1,0.12816872949999958,0.43333749794796717,0.6297552306138055
SLC2A2,-1.0802047865,0.43363260475597765,0.6297552306138055
WWC1,0.4722964368333331,0.43455370377935854,0.6297552306138055
P4HB,0.1433362959999993,0.43502828430558926,0.6297552306138055
CCR7,0.8339008950000002,0.4366299109366595,0.6304773065293763
H2-EB1,-0.7190710856666671,0.4374889074303173,0.6304773065293763
F8,-0.20450062100000022,0.43801581295725084,0.6304773065293763
F11R,-0.1528155756666667,0.43914652896937245,0.6309099471015559
PRKAA1,0.1713630593333324,0.4421114387543486,0.6339711197232168
INPP5D,0.653632889166667,0.4444907358935249,0.6361825975123897
PECAM1,-0.2598887158333332,0.4460733975324151,0.637247710760593
CTSB,0.4721980691666676,0.4481706969307018,0.639042644779237
CASP6,0.23936356783333235,0.45112690736988686,0.6420532764065806
SP3,0.046032428499999334,0.45250803665733114,0.6426683419119843
MOB1B,-0.1286501005000007,0.4546627232182024,0.6426683419119843
SEC24C,0.14860981349999935,0.45480330205554365,0.6426683419119843
CXCL11,0.21910890400000138,0.4549415367745363,0.6426683419119843
SMARCC2,-0.1635055483333332,0.4578020163264411,0.6455093365641841
SP1,-0.35608225849999986,0.4591972395561657,0.6455224576123714
HVCN1,0.7637373890000001,0.4596918111116875,0.6455224576123714
PHYKPL,-0.10869524383333307,0.46035943687619113,0.6455224576123714
CCN2,-0.25341235300000076,0.46544882134432347,0.6505224457680656
COL6A3,-0.1923760345000023,0.4673009552581909,0.6505224457680656
TNFRSF17,0.26037445033333295,0.46736980914006104,0.6505224457680656
TM6SF2,-0.3323067766666661,0.46748339123576793,0.6505224457680656
IGF1R,0.29412847916666607,0.4688665767239801,0.6505224457680656
IL13,0.4988341194999997,0.4690609214222368,0.6505224457680656
GZME,0.37677003883333304,0.4710518901181437,0.6520936912382317
SLC25A13,0.5612968991666669,0.47610562528581907,0.6566296680765035
AP1S1,-0.28958450233333277,0.4770609053085874,0.6566296680765035
ATG2B,-0.13740762366666637,0.4777764725792623,0.6566296680765035
RHO,-0.4380904674999999,0.47810914176357777,0.6566296680765035
KDM5D,0.38837974750000015,0.4786484685715565,0.6566296680765035
FGG,-2.039620837166667,0.47974438126706104,0.6569472608341737
PIK3CB,0.31384371750000106,0.48084434812869553,0.6572692528377853
RNF111,-0.27554253616666635,0.4870661180069297,0.663958443611811
PTAFR,0.3487147685000007,0.48748527833604016,0.663958443611811
MMP7,0.6638820096666667,0.4888997882605102,0.6646938087262751
PRDX6,0.2285483605000005,0.49440836885695055,0.6709827863058615
IFNGR1,-0.28379614249999996,0.4955990022956165,0.6713997179049349
CRKL,-0.12150934783333334,0.49784194014257865,0.6732382108689676
H2-PA,0.549585137666667,0.4992194505936786,0.673334099484599
STAT1,0.35470628966666595,0.49985746605572906,0.673334099484599
EOMES,0.5294162551666659,0.5013147196306807,0.673334099484599
H2-M3,-0.21332454483333319,0.5015264333904863,0.673334099484599
IGF1,0.09762150083333321,0.5023426768523258,0.673334099484599
ELOVL6,0.16758782666666683,0.5045805788796172,0.674241633202857
LIPC,0.27378903166666735,0.5052659902164304,0.674241633202857
FZD5,0.4848087946666668,0.5056812249021427,0.674241633202857
XIAP,-0.10496470033333338,0.5080604025346919,0.6762275060006406
DEPDC5,-0.1318696319999999,0.5154771545332942,0.6833593133333759
EP300,-0.1651264355000004,0.5171607496169279,0.6833593133333759
PPARG,0.32276781249999953,0.5172919300988519,0.6833593133333759
IRF3,0.2067723070000005,0.5175064402647181,0.6833593133333759
MMP1A,0.3477988561666665,0.5179144269474006,0.6833593133333759
JAG1,-0.3272676384999995,0.5238710881133473,0.688328074699063
IL17A,0.2061313983333335,0.5242271110698945,0.688328074699063
THBS3,-0.08359572933333315,0.5243973095404704,0.688328074699063
APOB,-1.1384064043333337,0.5256335418674852,0.6887611927918772
CSNK1G3,0.06931680933333251,0.5274812174700501,0.6899926424737316
KLRK1,0.13767794099999886,0.5288836691525748,0.6905843406410656
JAG2,-0.16111324816666528,0.5297508823601859,0.6905843406410656
MYLK,-0.1145029485000002,0.5335416525103667,0.6943350272395183
CXCL16,-0.2472266309999993,0.5359142384526391,0.696230463630779
CYP1A2,0.22554496083333309,0.537014930514161,0.6964698757521542
CEBPA,0.4045351223333329,0.538930355602209,0.6977633224151258
NPHP4,-0.28509433499999925,0.5482487307336681,0.7086208084312716
POSTN,0.35539748233333235,0.5540818533328599,0.7149443268811095
HDC,0.5467860994999998,0.5551583344027335,0.7151192104170805
CDH5,-0.16324230116666616,0.5578680469013374,0.7173937658968129
TNFSF10,0.11601845616666662,0.5607597146307165,0.7195002706847834
CRK,-0.24861863283333463,0.5613995533106271,0.7195002706847834
CD6,0.2735005054999995,0.5629422024238212,0.7196414888713246
ERO1L,0.2513272725000002,0.5638693735351743,0.7196414888713246
FGA,-1.396700411166667,0.5643504307464599,0.7196414888713246
MBTPS2,-0.5671548153333323,0.5658483848883729,0.720343002537962
CHUK,-0.08716949733333212,0.5683527224728226,0.7223211857514134
LEP,0.48601702233333377,0.5694703444451124,0.7225333251724296
IL27,0.27801023916666656,0.5720209303788609,0.7245598451465572
APOH,-1.2143330121666667,0.5745660829913627,0.7259054174486638
ANAPC7,-0.2088089480000006,0.5749935017159152,0.7259054174486638
H2-DMA,0.16618142099999922,0.5784226689165751,0.72895693409358
H2-K1,-0.8704624371666663,0.5793289318322662,0.72895693409358
FGB,-1.7222710700000006,0.5804344024453361,0.7291407369561247
SELENOS,-0.2083449323333335,0.5819626272113454,0.7298541199350206
PANX1,0.163773838,0.58951577414437,0.7363332686722318
ATOX1,0.14414275800000098,0.590606711062278,0.7363332686722318
AP1G1,-0.15343665833333464,0.5910778981880618,0.7363332686722318
TCL1,0.3023065890000005,0.5916760509628983,0.7363332686722318
TGFBR1,-0.06130307200000029,0.5919731936299126,0.7363332686722318
CDK4,0.21049355583333362,0.5971488120293561,0.7415573482717494
KDM3B,-0.3434905241666666,0.5993069934843441,0.7427352354131089
NOS3,0.2583430858333342,0.6000518875574328,0.7427352354131089
MS4A2,-0.24521598716666748,0.6035189523437349,0.7458120386686805
MAPK8,0.11942879399999917,0.6069570559158515,0.7482123055400901
BLK,0.7504632035000007,0.6074302533134679,0.7482123055400901
APOA2,-1.7186419550000007,0.6086981026789915,0.7485607735210899
CYCS,-0.2523831318333327,0.6112155785895842,0.7504423905138675
CTNNB1,-0.09654022999999867,0.6177070584172546,0.7538408614257965
RORA,-0.22289784283333347,0.6179011624454189,0.7538408614257965
CREB3,0.16673386316666683,0.618121838699531,0.7538408614257965
COX4I2,-0.1628415116666675,0.6191634721717767,0.7538408614257965
NCOA2,0.20141933249999955,0.6196448205198598,0.7538408614257965
BMP10,0.6548410309999997,0.619934918935688,0.7538408614257965
NFKB1,0.20899546516666767,0.6223410924537197,0.7547061420409623
IRF8,0.2012484041666669,0.6227068534548692,0.7547061420409623
H2-Q10,-0.8245931349999998,0.6236256015812162,0.7547061420409623
GAB1,0.08469228266666651,0.6251756126440222,0.7553791186159887
SAA1/2,1.1229120996666664,0.626433560482192,0.7556976285181999
KRAS,0.1323523651666667,0.6317717994687384,0.7609295841461826
NOTCH3,-0.11052308466666716,0.6377644027258668,0.7669318766956625
FCRLB,-0.32065472250000004,0.6411564614570411,0.7686866371157897
COL14A1,0.07615746433333381,0.6412464841202772,0.7686866371157897
MTMR4,0.17374574683333233,0.6432747112087389,0.7696941544623174
FST,-0.05649430566666691,0.6441124766289918,0.7696941544623174
PLG,-0.991657895166667,0.6482149624697069,0.7722960708905878
CIITA,-0.28784646849999973,0.6483222279318356,0.7722960708905878
CYP1A1,0.30058752783333365,0.6504105784913093,0.7735712670632161
COL3A1,-0.21821199999999763,0.656789917394504,0.7782697690192217
ARRB1,0.27589955550000056,0.6574063158700086,0.7782697690192217
APOA1,-1.7341877518333328,0.6578538920309526,0.7782697690192217
MAPK10,-0.1647488880000001,0.6584571861570521,0.7782697690192217
PLTP,-0.15413356316666604,0.6650108572233624,0.7847954215679431
CFHR2,0.5409279018333342,0.6735161404101518,0.7936004135065354
CYP2J6,0.10853717300000021,0.6756542304625163,0.7939398760543999
LAMA3,0.2831749333333331,0.6758935523778905,0.7939398760543999
H2-Q2,0.40993714850000007,0.67727809671891,0.7943385084974871
KNG2,0.3855699418333325,0.6796085857216498,0.7958436442965391
MMP11,0.30197579649999984,0.6920727754034203,0.8091927835486146
LPCAT1,-0.0648368743333334,0.6976730990828061,0.814487796164259
CD4,0.37026159183333274,0.7009545832492801,0.8170636246464001
NR1H2,-0.12122468216666693,0.7022500001682482,0.8173200614515599
FADD,0.13018260866666775,0.7067236780891359,0.8211918523912161
ALDH9A1,0.07174152633333364,0.7103683214439278,0.8211918523912161
ERN1,-0.17325173633333346,0.7105483568905661,0.8211918523912161
MMP10,-0.19366892716666673,0.7107327574422225,0.8211918523912161
BPI,0.16741485033333392,0.7109792616755529,0.8211918523912161
CD34,0.12917105733333312,0.7132183831968908,0.8225280291800258
TIMP2,-0.08055838116666614,0.7158200113490787,0.8242775888262119
STK4,0.07202807399999944,0.7191561710304044,0.8249817600013022
PDGFRB,0.09305657866666639,0.7195182173996924,0.8249817600013022
IHH,-0.2795312891666666,0.7196880353695569,0.8249817600013022
LAG3,-0.11883859183333279,0.7215011198585812,0.8258145347778941
FGF21,-0.2416311371666664,0.7267740453415893,0.8305989089618163
H2-D1,-0.23741053649999877,0.7299273733066358,0.8329501557252901
PLCB3,0.08209477599999992,0.7330194272491134,0.8352245347965911
OASL1,0.1783577438333328,0.7400981241348416,0.8420278059019156
ITPR2,0.04083647299999971,0.7419300309104726,0.8423167174921721
NR1H4,0.19078822716666632,0.7425686851575728,0.8423167174921721
COL4A2,-0.056622730666667564,0.7437903031927054,0.8424450527965069
SIL1,-0.05106363816666626,0.7479598677113107,0.8459069932449348
TBC1D4,-0.050263737500000794,0.7514737195693646,0.8486181677157757
NCSTN,0.12435441516666668,0.7585623631856985,0.8541114397412718
ADH1,-0.3241569921666665,0.7585858181912611,0.8541114397412718
CYP2C29,0.3854845039999999,0.759722515953418,0.8541259055097599
ITGB3,0.11170518733333346,0.763631082411074,0.854892336030651
PREX1,0.1403980898333339,0.7637122898927386,0.854892336030651
ITGA9,0.04127334050000009,0.764055548132308,0.854892336030651
C8B,0.3609935414999996,0.7649036690800561,0.854892336030651
C8A,-0.6252941661666673,0.7699647936676033,0.8580121406416499
CDON,-0.11333975933333296,0.7710045301279103,0.8580121406416499
NCR1,-0.2899275246666666,0.7710819632345354,0.8580121406416499
FNIP2,0.1884157249999996,0.7801266376779414,0.8667003803713137
IRF1,0.15042492450000022,0.781170737571513,0.8667003803713137
APOC3,-0.9165297795000003,0.7844471491016589,0.8682119946909809
JAK2,0.10526252450000051,0.7848179478325051,0.8682119946909809
ADA,-0.14956344099999974,0.7887487016362418,0.8712921704121275
MMP16,-0.06765944099999999,0.7968175140568363,0.8789278819785132
ANAPC10,0.10670944099999957,0.8000321563761852,0.8796044379405485
C9,-0.551501877333334,0.800618096478048,0.8796044379405485
C6,0.0676788436666671,0.8009828954768172,0.8796044379405485
GATA3,0.2926835780000001,0.8020603624905266,0.8796044379405485
MTOR,-0.04642828033333313,0.8045579915043952,0.8810721520797412
NID2,-0.059893987666667314,0.8114678594579962,0.8861959668231757
ARHGAP35,-0.10303419366666677,0.8115689380380662,0.8861959668231757
BCL2,0.053617899833333205,0.8131946638109985,0.886697194399367
NCK2,-0.10435508966666784,0.8145076141276472,0.8868389310267966
IL11,0.11817220250000027,0.8156584378785932,0.8868389310267966
ALDH3A2,0.04339469633333337,0.8258634549780548,0.896651751119031
APP,-0.06520743333333101,0.828285876275305,0.8979989528805019
CAPN5,0.13303918416666694,0.8306242575469613,0.899112623502732
CPB2,0.3328308049999995,0.8318481489435852,0.899112623502732
ADAM9,-0.031465835833333955,0.8328622196656886,0.899112623502732
CYBB,0.1189652041666669,0.8392331644355173,0.9035884369140251
ABCB11,-0.05616798916666621,0.8393861006069759,0.9035884369140251
FLT4,0.06292536133333382,0.8427960992127811,0.9044859472134837
SERPING1,0.054665103666667214,0.8437029528555686,0.9044859472134837
CRP,-0.225713993666667,0.8437901797031052,0.9044859472134837
IL10,-0.2717782634999999,0.8461696738854751,0.905759087539382
ACSM3,-0.08795865299999939,0.8515639937952487,0.9102512451257231
SH2D1A,0.18121601749999927,0.8594248429226988,0.9173635963781617
TPR,0.046772302499999974,0.8624985619726432,0.9174586570093161
CYP4A12A,-0.20249285116666593,0.8629055424674343,0.9174586570093161
PCK1,-0.2277700875000006,0.8642283419704523,0.9174586570093161
UBE2D2A,0.0575777930000001,0.8656270320980584,0.9174586570093161
APOC2,0.072978755666667,0.8666758297482412,0.9174586570093161
PARP1,-0.02985173200000002,0.8667957869581998,0.9174586570093161
GPX3,-0.043888786166666804,0.8679641768285503,0.9174586570093161
PTPA,-0.02523392550000203,0.8724782634624468,0.9209492780992494
FABP4,-0.1077559971666684,0.8740212578668904,0.9212984132854879
CXCL2,0.07535608100000024,0.8756868706813952,0.9217756533488369
ACVRL1,0.021390264499999923,0.8774497965232401,0.9223538663314833
MMP12,0.25123657100000063,0.884056331489971,0.9280149336082569
PHLPP1,0.030487240666666082,0.8882771176591083,0.9311594612702376
OSBPL5,0.015355952833334463,0.8930153088478909,0.9341751657422578
ACTR1A,0.034816602833332766,0.8936122967034492,0.9341751657422578
ILK,-0.025483304666665596,0.9006303579014829,0.9402185055015481
COL4A1,-0.02798327150000013,0.9030775948420801,0.941480071440303
ADCY7,-0.043048434666667745,0.9048584043438753,0.9420443661662263
GNB4,0.07735776633333291,0.9067976903344331,0.942500290409613
COL10A1,-0.0716277983333331,0.9114079823550233,0.942500290409613
ALDOB,-0.35765391383333345,0.9118621384644445,0.942500290409613
CYP4A10/31/32,-0.03416406116666604,0.9119832321885905,0.942500290409613
CD19,0.07027374316666712,0.9126483984395513,0.942500290409613
DAXX,0.05505786283333247,0.9127371233440463,0.942500290409613
CYP8B1,0.08987590316666605,0.9195470010279153,0.948243854519967
HSD11B1,0.06190770766666631,0.9251504350494603,0.9527294453083872
H2-DMB1,-0.019732825000000176,0.9339709085885395,0.9605113538934913
PPARD,-0.02140371100000049,0.9421345608583347,0.9675976570977491
CFI,-0.1425397884999997,0.9452987459530438,0.9695371753364551
LATS2,0.013556898666666761,0.9504315524142027,0.9734878434431187
GZMA,-0.009490202333332753,0.9569860874324634,0.9784520698771745
MMP14,-0.020811085666667672,0.9587307710356862,0.9784520698771745
TXNDC5,-0.027826156999999796,0.9591405158664409,0.9784520698771745
MAML1,-0.007917999833332523,0.964803022322541,0.9818267230645167
COX6A1,0.014813108499998506,0.9661676165874352,0.9818267230645167
NUMB,-0.009730579500000225,0.9663241958582348,0.9818267230645167
SPOPL,-0.011938545000000467,0.9710597400475873,0.9853209645342675
BRPF3,0.008992098500000267,0.9807397005382814,0.9926146323137657
CXCR1,-0.01870625783333324,0.9808599853521554,0.9926146323137657
ACOX2,-0.006292505499999379,0.9827857828914311,0.9929045423742692
ARG1,-0.03065206133333387,0.9865937008690218,0.9929045423742692
CD244A,0.0056123833333332485,0.9874563945107093,0.9929045423742692
MMP1B,-0.013113887666666546,0.9875159206382454,0.9929045423742692
OCLN,-0.014808775333333024,0.987678728993352,0.9929045423742692
HSD17B4,-0.0015722129999993228,0.9970322276240454,0.9993969428382168
TBX21,0.0003604661666671838,0.9987667700477266,0.9993969428382168
APCS,0.0005695888333328014,0.9993327728343292,0.9993969428382168
PRKACB,-0.00013392283333324428,0.9993969428382168,0.9993969428382168
