symbol,log2FC,p_value,adj_p
AP2S1,0.8381547429999987,5.77555411714444e-05,0.04389421129029775
KDR,-0.8690437723333337,0.0005011717986708478,0.07617811339796886
CSNK1G3,-0.8674626076666669,0.0003999338183485553,0.07617811339796886
NOTCH4,-0.8517036486666667,0.000460432587547246,0.07617811339796886
PPARA,-1.772979497333334,0.00020224060796170836,0.07617811339796886
S100A4,2.854562840999999,0.0007262482952377982,0.09011415162487114
MKI67,1.474892891333333,0.0008299987649659184,0.09011415162487114
FCER1G,2.7296319106666695,0.001091427360436212,0.09216497710350234
NDUFS3,-1.0009764516666664,0.0010454700126425033,0.09216497710350234
GOT2,-1.1041249359999998,0.0012424631789881566,0.0944272016030999
SPP1,3.3515345556666665,0.0016398290176245821,0.11329727758133477
CKAP4,1.5667908043333352,0.0023395986367113755,0.11483690613418591
HADH,-1.220471621333333,0.0022436266968978743,0.11483690613418591
CD84,1.7140864146666672,0.0019594483711927184,0.11483690613418591
C3AR1,3.040881434000001,0.002500750410712605,0.11483690613418591
UQCRB,-1.042298801666666,0.002439459734914646,0.11483690613418591
VEGFA,-1.6982489703333332,0.002662634883687681,0.11483690613418591
FLT4,-0.5425952079999998,0.0027198214610728243,0.11483690613418591
NDUFB8,-0.876305884999999,0.003416452757924532,0.13231909548086893
MAPK10,-1.2201309133333336,0.0034820814600228667,0.13231909548086893
IRF8,-0.6029281933333337,0.0044619146295063385,0.13997944091027822
VAV1,2.2158877269999993,0.003937697203695264,0.13997944091027822
MLXIPL,-1.537303537333333,0.004538514168203431,0.13997944091027822
CD3G,-1.0339269999999994,0.004347026206094177,0.13997944091027822
TGFB1,1.309778989333334,0.004604586872048626,0.13997944091027822
AMOTL1,-0.9925062106666687,0.004836055639129044,0.14136162637454128
HMOX1,1.797925882333332,0.005868374545080547,0.15928445193790056
VIM,1.12061147,0.005842497176854974,0.15928445193790056
PTPRC,1.9929725003333338,0.006387633435746365,0.16740004866093924
VEGFB,-1.3810679083333337,0.006978183382875758,0.16880986519807722
CCS,-1.0490910006666674,0.007272148124205242,0.16880986519807722
APOA4,-1.0017661229999995,0.007329902041495458,0.16880986519807722
GREM1,-0.8028368106666663,0.006840363511572587,0.16880986519807722
CCR2,1.7840217923333324,0.007924587426246871,0.17207675554136062
AKT1,0.6342125779999988,0.00788057094199456,0.17207675554136062
MAML2,-0.8923296576666662,0.008311603962827669,0.17546719477080633
GAB1,-0.379447681666667,0.011353456404056415,0.18435457552458182
NDUFB6,-0.721352614999998,0.012097217691694428,0.18435457552458182
NDUFB5,-1.1258126290000021,0.009511259061195532,0.18435457552458182
PSMB8,1.1184377953333327,0.011894774440146697,0.18435457552458182
CRKL,-0.4628191916666671,0.0118790260354068,0.18435457552458182
CTSD,1.3174192940000005,0.012100309351848098,0.18435457552458182
PLCG2,1.562273550333333,0.010290961881903668,0.18435457552458182
TXN2,-0.7662370120000004,0.009718122774529755,0.18435457552458182
NDUFC1,-0.8671264226666668,0.012128590495038278,0.18435457552458182
ERC1,-0.5674846863333336,0.009570215668942486,0.18435457552458182
PHLPP1,-0.9002458020000006,0.011050711159826107,0.18435457552458182
NDUFA1,-0.8477915460000016,0.011453117709529934,0.18435457552458182
COX6B1,-1.1288293343333322,0.011701938716232547,0.18435457552458182
RPS6KA2,-1.1261257846666677,0.011342286446656866,0.18435457552458182
GLI1,-0.9085559956666671,0.012880939805316346,0.19195125984392986
LOXL1,1.2946479493333358,0.013270103710800382,0.19394766961939022
PPARGC1A,-2.4280525803333335,0.01485070948032923,0.1962326961495183
PRKAG1,-0.36829826533333154,0.014994491937096347,0.1962326961495183
CD68,1.8170811636666668,0.015297858247290092,0.1962326961495183
TM6SF2,-0.8736497933333336,0.015492054959172497,0.1962326961495183
SLC37A4,-1.5632597579999992,0.01469473171025268,0.1962326961495183
COX7C,-1.0104326866666682,0.01405249033057844,0.1962326961495183
FLT1,-0.9779078779999999,0.014644674304861358,0.1962326961495183
PPARD,-0.8058134126666676,0.014243893443794838,0.1962326961495183
TLN1,0.9988375713333344,0.015832194410884088,0.19725356970937552
PLIN4,-1.7174483796666689,0.01623071605875379,0.1989571645911755
DLL4,-0.9530555893333341,0.01656135756536443,0.19978780555042808
RASGRP4,1.4843162446666662,0.01716220951840364,0.20380123803104322
CCNA2,0.9515754950000002,0.017719120834336563,0.2071774128322429
KLRK1,-0.651136047333333,0.021277474531187047,0.20893125556962666
MMP16,-0.878785168666667,0.02126984164516661,0.20893125556962666
LAG3,-1.0747702636666672,0.02160384531507247,0.20893125556962666
UQCRFS1,-1.3990801543333333,0.018554780937617966,0.20893125556962666
ACAA2,-1.5042846390000006,0.018272490399621907,0.20893125556962666
FRS2,-0.6021889179999995,0.02226767329097337,0.20893125556962666
GPX3,-0.6911648706666673,0.020665871305178937,0.20893125556962666
PRLR,-1.100075683,0.021861462293547743,0.20893125556962666
PPM1A,-0.4678173613333332,0.02171995681790503,0.20893125556962666
NFAM1,2.4048833073333333,0.019265074178203626,0.20893125556962666
RAPGEF1,-0.279885112333333,0.020754547382881055,0.20893125556962666
ITGA1,-0.948523289333334,0.01937693374147182,0.20893125556962666
KAT6A,0.22698981866666657,0.02071495552281052,0.20893125556962666
SPIB,-0.9952936386666673,0.02140735299470719,0.20893125556962666
SPOP,-0.36567568400000017,0.01988749706135145,0.20893125556962666
ITPR2,-0.49767490499999933,0.022033367137717266,0.20893125556962666
TRAF2,0.49881842899999995,0.02584805084764108,0.2103013626554858
NDUFS5,-0.8245204866666658,0.02317506493902682,0.2103013626554858
NOS1,-0.9554528769999999,0.022699573585495646,0.2103013626554858
NCEH1,-0.48546444699999913,0.025711190522902404,0.2103013626554858
PELI1,-0.6755696886666662,0.02383303009772015,0.2103013626554858
SP3,0.4594589209999995,0.02504647667903544,0.2103013626554858
ZFYVE16,-0.19612551200000006,0.02439551319655026,0.2103013626554858
CFLAR,0.4098474276666666,0.024975990090808094,0.2103013626554858
MMP14,0.6953691206666663,0.024599709172082845,0.2103013626554858
CCN2,-1.7484146890000014,0.024915544656491387,0.2103013626554858
PTAFR,0.7466722136666668,0.02568064698899171,0.2103013626554858
MMUT,-0.6604385159999993,0.02601095801265219,0.2103013626554858
CYP27A1,-1.2854597750000005,0.02537145103221869,0.2103013626554858
TTN,-0.6614461899999995,0.02634972451390206,0.2107233643560773
AQP8,-1.0099890790000003,0.026617688129188712,0.2107233643560773
ACVRL1,-0.5542788423333329,0.026978085105454026,0.21137468742417587
CDH2,-0.8175187066666663,0.028633392291628753,0.2153879112935247
ADH4,-1.4142270356666664,0.028502400373729628,0.2153879112935247
ANAPC7,-0.6988527430000007,0.028907324936762527,0.2153879112935247
COL14A1,0.626288943333333,0.028090342969191277,0.2153879112935247
HADHA,-1.0102796300000003,0.027867615298055634,0.2153879112935247
EPAS1,-1.0707028056666656,0.02935242746623108,0.2165810181974332
PDHA1,-0.715857591333334,0.030124459406110284,0.21804370617756016
CSNK2B,-0.1532174883333326,0.029979115011347254,0.21804370617756016
UQCRH,-1.1771333726666668,0.032169469931927513,0.22225391803348674
ACACB,-1.139635641,0.03193928557556726,0.22225391803348674
NCKAP1L,0.9459621496666664,0.032753208973355936,0.22225391803348674
FAS,-0.7546569729999995,0.03231603623215032,0.22225391803348674
PIK3CA,-0.5548003659999994,0.031421227680663306,0.22225391803348674
HCK,0.9968550193333341,0.031083639441078944,0.22225391803348674
SERPINH1,0.8619268600000005,0.03250471234240281,0.22225391803348674
FN1,0.6423011933333331,0.03346770209520346,0.2250925096668551
PYGM,-0.5234010033333334,0.03540073890667008,0.2326956927517069
FABP5,1.120407055666667,0.035799737283689986,0.2326956927517069
TIMP1,2.5035631646666667,0.03582288954203909,0.2326956927517069
EEF2K,-0.34628991400000064,0.03544719919745922,0.2326956927517069
COX4I2,-0.8415917670000006,0.03816981009999775,0.24583945488134143
IL2RA,-1.093315163666666,0.038898448551852954,0.24642292584676415
LIPC,-1.0164790969999995,0.038908883028436446,0.24642292584676415
CD8B1,-0.7639218230000013,0.03940930891743515,0.2475295436136423
IL27,-1.0146635396666661,0.041123892588291584,0.2480488759293778
ADH6A,-0.9217907730000006,0.04069291301878549,0.2480488759293778
BANF1,0.24505405766666577,0.04111321924125065,0.2480488759293778
TXN1,1.345886834999999,0.04100880938215304,0.2480488759293778
H2-DMA,-0.6798633390000006,0.040081297481806624,0.2480488759293778
TGFB1I1,-0.567916872333333,0.04184803175119611,0.2504291663851106
PTPA,0.4752707316666651,0.04283986708746152,0.25436171083180276
NCF1,0.931458329999999,0.044798677763851304,0.25871739543330585
ARHGEF6,-0.3801584483333329,0.04537082216770046,0.25871739543330585
RBX1,-0.43584331833333145,0.04697763232867922,0.25871739543330585
CD44,-0.6327331666666662,0.04625589418767859,0.25871739543330585
INSR,-0.8732241393333329,0.04673756571501994,0.25871739543330585
PIK3R4,0.3790324800000002,0.04421468109808274,0.25871739543330585
EGFR,-0.6412353253333336,0.04693362839039062,0.25871739543330585
DUSP8,-1.1031839840000002,0.04649553369218312,0.25871739543330585
H2-AB1,-0.450121052666665,0.045677421811102965,0.25871739543330585
MMP3,1.4581370023333333,0.044455900543917716,0.25871739543330585
HIF1A,0.6898906853333324,0.047986312712142105,0.2623712061958849
APCS,-1.6275768836666673,0.04841933698085484,0.26284782932464057
APOA2,-4.2335430096666675,0.04883043032503177,0.26319948260300813
LAMC1,-0.367924128666667,0.05026833749734123,0.2671728454911589
TNFRSF17,-0.8422608893333328,0.0505202024000697,0.2671728454911589
MYL2,-3.6632382150000007,0.050622223356219576,0.2671728454911589
SMAD3,-0.8360362379999993,0.05156298100183776,0.27026114180273586
C6,-1.188121950666666,0.05244997394837566,0.27302726164907876
ATP6V1G2,-0.6357922013333344,0.05317814237899079,0.2749346136600884
TBC1D4,-0.8900496953333334,0.05541561915862556,0.2845666929767259
ROCK2,-0.3785966469999993,0.0562996785358433,0.2852517045816061
SMAD4,-0.24403138599999874,0.05618677256747706,0.2852517045816061
CSF1R,0.9441574729999997,0.057212277144805486,0.2864912549092845
TRRAP,-0.40697651700000037,0.0572982509818569,0.2864912549092845
XBP1,0.6083860420000002,0.05837694739799759,0.28809402611998813
CPN1,-1.6328387946666667,0.05811324381463915,0.28809402611998813
GZMB,-1.0943265166666674,0.060068553347663735,0.2886049582761302
ALDH3A2,-0.4684046863333329,0.059728536366566526,0.2886049582761302
APC,0.568498065,0.06234374828461019,0.2886049582761302
SORBS1,-1.2805071220000004,0.06236704393783187,0.2886049582761302
CYP4A10/31/32,-1.238120106666667,0.060561811209244636,0.2886049582761302
DOCK2,1.2047047850000006,0.05996578531422162,0.2886049582761302
RAC1,0.349457617333333,0.06086309488526994,0.2886049582761302
COX7B,-0.9409755936666659,0.05928115736744966,0.2886049582761302
LPL,-0.950907371333332,0.062212479479483676,0.2886049582761302
MECP2,-0.49511434000000065,0.06265765541521247,0.2886049582761302
APOA1,-3.5964136370000004,0.06206346807269216,0.2886049582761302
EGR1,-3.1975234886666666,0.06418808930377941,0.29076907900255256
FADD,-0.5941262479999994,0.06427527009530108,0.29076907900255256
TRIB3,-0.48137933066666605,0.06358876201057896,0.29076907900255256
HMGCS2,-1.3331536676666667,0.06566696818802457,0.29356997542881574
CYFIP1,0.6485285049999998,0.0655078098372092,0.29356997542881574
KLKB1,-1.9302914603333332,0.06736391918207021,0.2993951963647565
PRF1,-0.7499500860000001,0.07024684905831005,0.304120289654128
MAP2K1,0.1625117136666665,0.07081600410306045,0.304120289654128
ELOVL6,-0.6724570669999999,0.07069180430584569,0.304120289654128
ATP6V1E1,-0.367808161000001,0.07015762039646987,0.304120289654128
MMP10,-0.9648381510000004,0.06964895398591477,0.304120289654128
CYP7A1,-1.014427690999999,0.07082801482734297,0.304120289654128
GZME,-1.3083675913333335,0.07152989892268861,0.3054085571979963
BMP10,-0.6103841306666675,0.08019284094144241,0.30606338813428596
THBS1,-1.448530783333334,0.0825062778146999,0.30606338813428596
CCL2,2.0962055883333344,0.07393759271320015,0.30606338813428596
APOB,-2.732437461,0.08432844783593908,0.30606338813428596
ARHGEF2,0.6066385523333322,0.08260069457215721,0.30606338813428596
ILK,-0.2889240786666649,0.07859209539948048,0.30606338813428596
ABCB11,-0.9140879879999995,0.08081531684638023,0.30606338813428596
ACACA,-0.3978127083333334,0.08312617276407228,0.30606338813428596
THBS3,-0.3335771273333341,0.07900400440958176,0.30606338813428596
SSR2,0.6120457696666666,0.08079830586482412,0.30606338813428596
RGS7,-0.6713388166666672,0.07933751175266572,0.30606338813428596
MAP1LC3A,-0.6767683199999972,0.0741640407892319,0.30606338813428596
H2-T23,-1.071097137333334,0.07266088725691572,0.30606338813428596
CD6,-0.6243180503333345,0.08138137152442411,0.30606338813428596
ALDOB,-2.944868333333332,0.08328754254334814,0.30606338813428596
OCLN,-0.8328619256666663,0.08048235486770511,0.30606338813428596
NF1,-0.2585094839999993,0.08222073208573177,0.30606338813428596
ELN,-0.822831679000001,0.08217260026968254,0.30606338813428596
PCCB,-0.5424237893333324,0.07306807160108557,0.30606338813428596
ERP29,1.000598424333333,0.08257835346177558,0.30606338813428596
FBP1,-2.003577766999999,0.08351110288232642,0.30606338813428596
NOTCH3,-0.656171678333334,0.0770246118399488,0.30606338813428596
PROS1,0.824335078999999,0.07461988472953222,0.30606338813428596
JMJD4,-0.5960019523333342,0.08341832856819478,0.30606338813428596
SKP2,-0.770885954333334,0.07753568846186955,0.30606338813428596
LGMN,1.4308637923333327,0.07364980414004844,0.30606338813428596
PLCG1,-0.4060086323333323,0.08118472311089116,0.30606338813428596
CYP1A1,-0.9543834276666656,0.08298315283724302,0.30606338813428596
PTPN6,0.9566502859999995,0.08457014672131587,0.30606338813428596
E2F4,0.7087589223333337,0.08430148601771725,0.30606338813428596
IL12RB2,-0.5564826326666661,0.08286338624920182,0.30606338813428596
LRP1,0.7983976456666664,0.07632871843595442,0.30606338813428596
SERPINF1,-0.8389075733333318,0.08617178402720461,0.3103817813302157
CSNK2A1,-0.1479797076666678,0.08700511710322738,0.3119051367851548
APOC3,-3.1722555026666672,0.09012193787031807,0.31450001191004956
CD8A,-0.7502194213333331,0.09269474035243566,0.31450001191004956
APOH,-2.368058077333333,0.09093726172793418,0.31450001191004956
BCL2,-0.44621769033333347,0.09070792375518649,0.31450001191004956
IL11,-0.988301260333333,0.09068613356501237,0.31450001191004956
CASP3,-0.3030046740000003,0.08845230742216297,0.31450001191004956
MYLK,-0.9153732853333336,0.09119810667903919,0.31450001191004956
GNG2,-0.31218322400000087,0.09268574092919363,0.31450001191004956
PRKACA,-0.5086083650000006,0.09258385111611393,0.31450001191004956
GLP1R,-1.0904450386666662,0.09041448471473974,0.31450001191004956
H2-Q10,-2.147169701,0.09244135869224518,0.31450001191004956
SCD4,-0.7228465473333339,0.0886858563712148,0.31450001191004956
ADH1,-1.6930483863333334,0.09391833803222548,0.3163552206543653
SYK,0.7064114836666668,0.09449030932702752,0.3163552206543653
PRKACB,0.2811452789999995,0.09428545549772534,0.3163552206543653
FGG,-3.2359901000000004,0.09513700048407617,0.31692360924817564
CASP8,0.6264003406666667,0.09549408752346346,0.31692360924817564
CDH5,-0.6412849486666659,0.09607463303405558,0.31746400480818365
GSK3B,-0.23825230133333264,0.0978147663211092,0.31905245666971244
FGF21,-1.1809932989999998,0.09704123351980778,0.31905245666971244
TEK,-0.8281157779999999,0.09776518235278744,0.31905245666971244
ERN1,-0.2241958686666674,0.09873073924997079,0.32066393944434957
ACOX2,-0.820325951,0.10027293567486438,0.32414940627969674
CFHR1,-1.422437475333334,0.10065692089737951,0.32414940627969674
BAX,0.5275991849999997,0.10246568938729834,0.3242148194545667
TPR,0.4598027560000002,0.10312271823365307,0.3242148194545667
TNFSF10,0.5957073763333334,0.10231866320013568,0.3242148194545667
UBE2D2A,-0.2886333223333333,0.1030864991151917,0.3242148194545667
JUN,-0.993966898,0.10323682408948044,0.3242148194545667
SEC61B,0.5494579863333335,0.10125237936223976,0.3242148194545667
SIL1,-0.339853942333332,0.1061052216572763,0.3311922902976506
IL1R1,1.0771573633333338,0.10698443834782884,0.3311922902976506
DEPDC5,-0.44011059666666696,0.10763749434673646,0.3311922902976506
CTSB,1.2750575733333331,0.10746532977812014,0.3311922902976506
UBA52,-0.2763510726666656,0.10737600738279142,0.3311922902976506
PREX1,-0.45692885500000013,0.10843995752963446,0.33231599888113783
CTNNB1,0.29173174099999954,0.11161354426789247,0.33979662847140546
CD180,0.5397161333333331,0.11177520673401496,0.33979662847140546
WWC1,-0.6274805396666672,0.11352475709582122,0.3428982106590745
PLG,-2.453099465000001,0.113697827744851,0.3428982106590745
NID1,-0.48239728233333334,0.11562242537429764,0.3432540753299461
PTGER4,-0.4765240160000008,0.1145853813575287,0.3432540753299461
CYP1A2,-1.3063165559999996,0.11548604830506982,0.3432540753299461
SNAI2,-0.5417975726666668,0.1155861397412346,0.3432540753299461
ADA,-0.5587079873333334,0.11698301712334407,0.3459419961624182
DERL2,-0.15172322666666727,0.1240514397221485,0.354260910634513
PRKAB2,0.37595832066666723,0.1249486466556349,0.354260910634513
GBP5,-0.6882998569999996,0.12662934536519016,0.354260910634513
FOXP3,-1.5007793039999995,0.1255787130148084,0.354260910634513
FGB,-3.175312568333335,0.12152117464425927,0.354260910634513
PKHD1,-0.5492314116666677,0.12466758071083257,0.354260910634513
RPS27A,-0.62578025,0.12421815965684141,0.354260910634513
COL10A1,-1.3849396890000003,0.12678811538498358,0.354260910634513
IL17A,-0.6281767883333327,0.12181454618619543,0.354260910634513
SLC25A13,-0.9253394713333325,0.12629407625724598,0.354260910634513
COL4A2,-0.3639433036666677,0.12196844187765991,0.354260910634513
APOC2,-0.8638785486666665,0.12284220119827163,0.354260910634513
KDM5D,-0.9411399753333329,0.12180741912619569,0.354260910634513
IRAK3,-0.6587104586666666,0.12317586142909846,0.354260910634513
FGA,-2.7112322703333325,0.12322106705387777,0.354260910634513
CFI,-1.728684399333333,0.12732126256300905,0.3544474708713805
CXCL2,-0.9280301543333329,0.13305713436469657,0.3548190249725242
NOTCH2,0.43210498266666697,0.13131881663814463,0.3548190249725242
CYP2E1,-2.863019490666666,0.1311648716472533,0.3548190249725242
NCF4,0.7960170696666671,0.1312001169911481,0.3548190249725242
EPHX2,-1.1620910930000008,0.1309839896792226,0.3548190249725242
EHMT1,-0.8610841499999995,0.12935924304730773,0.3548190249725242
P4HB,0.5768472756666654,0.12990449825825762,0.3548190249725242
RPS6KB2,-0.26110919033333335,0.13223570025875075,0.3548190249725242
H2-K1,-2.0309602003333334,0.13077022192627338,0.3548190249725242
KNG1,-2.442559786333334,0.13028308691451201,0.3548190249725242
PRKAA1,0.4151420823333334,0.13265072606894193,0.3548190249725242
MASP1,-1.3059451759999994,0.1328345461718984,0.3548190249725242
LIPA,0.6330217610000011,0.1349446287629676,0.35487168809638536
VAMP8,-0.2445638859999999,0.13453645319854718,0.35487168809638536
NOTCH1,-0.35867947233333375,0.13370673420413054,0.35487168809638536
IRS1,-0.429458013333333,0.13454860564294469,0.35487168809638536
RAPGEF2,-0.44868094000000003,0.13981918338286395,0.36150489069840125
PNPLA3,-0.9956433623333325,0.1390212139294835,0.36150489069840125
CHUK,-0.2562832789999989,0.13984531298069733,0.36150489069840125
ICAM1,-0.5969180646666663,0.1398205775807356,0.36150489069840125
RNF152,-0.7517471563333338,0.1380444746804997,0.36150489069840125
CEACAM3,-1.3118489929999995,0.14108834218784289,0.36348183072122237
PTK2B,0.6642042959999985,0.14278478281246187,0.3658883371860138
TBX21,-0.8396789633333328,0.14346674273872648,0.3658883371860138
ITGB1,0.30508814766666603,0.14337295220663934,0.3658883371860138
CCR4,-0.32002892199999966,0.14716356760136748,0.3740612420636766
AKR1B8,0.827156257666668,0.14780063337983124,0.374081566427687
GNB4,-0.5319869560000008,0.14858062648703754,0.374081566427687
LOX,0.7326714279999997,0.14864820139626508,0.374081566427687
ATG101,-0.5188637936666671,0.1505741642097504,0.3776777716152155
ARRB1,0.4618831970000006,0.15325286079675468,0.3813259699940131
C9,-1.9950841426666681,0.15386872482699748,0.3813259699940131
PNOC,-0.5891026480000008,0.15403562208968688,0.3813259699940131
CD36,-0.9320458449999993,0.15283252674509637,0.3813259699940131
ACSL4,-0.6057821980000009,0.15732763776026298,0.3832339894160252
COL4A1,-0.4181997129999999,0.15640687169112025,0.3832339894160252
HKDC1,-0.8094347673333337,0.1572455807020159,0.3832339894160252
YWHAQ,0.37284606766666606,0.15563804538850615,0.3832339894160252
TCF7L2,-0.17611039533333273,0.1565157627936982,0.3832339894160252
SREBF1,0.6200059896666668,0.15839396034501493,0.3845987535533909
ALDH7A1,-0.5809334636666659,0.15918069778044244,0.38527812201635747
MMP9,0.9228168530000005,0.1611524351091871,0.3888122243904196
CYBB,0.573479276333333,0.16348633055873116,0.3912207893845157
HSD11B1,-0.9626960616666667,0.16420977870218487,0.3912207893845157
BRPF3,-0.6752529953333335,0.1641617807441413,0.3912207893845157
CXCL11,-0.5351289149999996,0.163418734959775,0.3912207893845157
CD3D,-0.49848335700000046,0.1648401530640528,0.39149536352712544
SLC2A2,-2.3309727190000005,0.1667062927534876,0.3934682686107161
FZD5,-0.7043849133333326,0.1666163236074551,0.3934682686107161
HIKESHI,-0.27916316833333354,0.16765666426104797,0.3944862688495246
COL1A1,-1.2934408566666669,0.16935385590577948,0.3952072454178527
NOS3,-0.575581348,0.16967752076813558,0.3952072454178527
AXL,-0.27005183000000077,0.16883648328725265,0.3952072454178527
IGF1,-0.2377225360000006,0.17004311743636555,0.3952072454178527
SDC3,0.6272580906666674,0.17056860320910555,0.3952199342650006
CXCL16,-0.5355535849999997,0.1743065834638957,0.40137042130016876
IHH,-1.3391237336666668,0.1748073808557314,0.40137042130016876
H2-AA,-0.285465985000001,0.17425094829999435,0.40137042130016876
RIPK3,0.39354270533333224,0.1754569447864429,0.4016484278243873
PECAM1,-0.5492378683333321,0.1764755722489676,0.40276707179944554
PTPN11,-0.2262145800000006,0.17858287276548232,0.4042773153969906
PELI2,-0.5960711640000014,0.1792650727484024,0.4042773153969906
HAVCR1,-0.8448170769999992,0.1790166408833114,0.4042773153969906
DDIT3,-0.5116186563333338,0.17820997394943086,0.4042773153969906
IFNG,-0.6719966570000002,0.18007351583169995,0.4048990296807454
CSNK1E,-0.43159619999999954,0.1901425873220953,0.42097035858808
CSNK1D,-0.23256629133333373,0.189370174380082,0.42097035858808
OAS1B,-0.6803355866666667,0.18829579289802326,0.42097035858808
HC,-1.741929906999999,0.19054447809776254,0.42097035858808
HSP90AA1,0.38895875266666646,0.19050133925020415,0.42097035858808
IL2RB,0.46525717233333275,0.18835440977708537,0.42097035858808
MAPK1,-0.15715032399999984,0.19436414197853719,0.4269270170626828
KLRB1,-0.6724570673333341,0.19431326066325585,0.4269270170626828
CXCR1,-1.0188762876666662,0.19501911105363962,0.42713119423851903
RNF111,-0.2546335536666673,0.19847945180772703,0.42838406831636044
PRKCA,-0.6430932903333337,0.19863722405682216,0.42838406831636044
PPP2CA,-0.1912414973333325,0.19805694398440007,0.42838406831636044
CD209E,-0.49871143266666706,0.19897312646799373,0.42838406831636044
CYP2C29,-1.3469663086666666,0.19747897001480744,0.42838406831636044
DLL1,0.12640046433333296,0.19641676797106744,0.42838406831636044
POSTN,0.6601328826666659,0.2016659938228792,0.43173564874757236
PTGS2,-1.255285148333333,0.20124716606151746,0.43173564874757236
RAP1B,0.5957224139999999,0.2030086572886376,0.43325230696007794
COL1A2,-0.9539081866666681,0.20351457050624716,0.43325230696007794
HDC,-1.1627661530000006,0.2041223248352924,0.4333323097062074
ACSM3,-0.8789055656666669,0.20500145020777344,0.43335064839681503
PCK1,-1.5834107993333344,0.20781072415397955,0.43335064839681503
LIPG,-0.4870675946666667,0.2095050023567681,0.43335064839681503
COL3A1,0.7578544500000017,0.20616049440107823,0.43335064839681503
GBP3,-0.6906063286666666,0.20947775636909163,0.43335064839681503
CYP2J6,-0.40377765599999993,0.20999758154669582,0.43335064839681503
FCRLB,-1.0106726593333333,0.21004241379793326,0.43335064839681503
FZD2,-0.34272194199999984,0.21097334198265996,0.43335064839681503
PHYKPL,-0.43265458066666707,0.2103414459519475,0.43335064839681503
IL6ST,0.46790036700000126,0.21077251071176592,0.43335064839681503
CCR1,0.263991100666666,0.20962193558261022,0.43335064839681503
PTCH1,-0.1283676619999996,0.20676379212536428,0.43335064839681503
PSENEN,0.15074955966666614,0.21751014562816737,0.44297126425236877
H2-D1,1.0057662696666672,0.21754181348800805,0.44297126425236877
MMP2,0.4119679993333323,0.21798849056629727,0.44297126425236877
CD3E,-0.4766882533333332,0.2171252936359759,0.44297126425236877
YWHAE,-0.1463626480000002,0.22102789211058957,0.44794986134412823
LEPR,-0.4992428863333336,0.22355987919794207,0.44933930766284286
CCR7,-0.5877566403333336,0.22337412969455553,0.44933930766284286
CAT,-1.319589185999999,0.2240784179002861,0.44933930766284286
ALAD,-0.5441626233333334,0.22250597462220031,0.44933930766284286
GRB10,-0.7078919740000007,0.22480652763297346,0.44940511711081743
SMAD2,-0.3975109503333325,0.22564993611095863,0.44940511711081743
KIR3DL1/2,-0.6650011293333336,0.22588520360043718,0.44940511711081743
PIK3R5,0.3038485666666668,0.22681314935930466,0.45007309011245833
MMP1A,-0.7474792523333336,0.230574708423359,0.4528987511097844
FLI1,0.2500106183333326,0.22994428011029966,0.4528987511097844
PSMB7,0.28832358666666735,0.23087529167387988,0.4528987511097844
PIDD1,-0.35657401499999963,0.231812650239087,0.4528987511097844
CCL19,-0.4562249646666663,0.2317311451203564,0.4528987511097844
LAMTOR2,-0.23622130133333208,0.22984336316358137,0.4528987511097844
HCFC1,0.4460848370000008,0.23256157439138614,0.45319691419859864
PDE3B,-0.45252448933333245,0.23392007705249698,0.45467841063912456
CRK,0.15316314399999875,0.23596770808509532,0.45748841363436843
MAML1,-0.14564529699999973,0.2369210394965935,0.458167913530308
STAT5B,-0.23143184333333533,0.2387589234352044,0.46055020764151106
LRP2,0.5043811713333333,0.24233624051206656,0.4643763639333516
HSPG2,-0.8504793116666676,0.24685269872246582,0.4643763639333516
SERPING1,0.4073913220000005,0.24341237630401766,0.4643763639333516
CEBPA,0.6407157760000004,0.24523479682246122,0.4643763639333516
F8,-0.3502112186666668,0.24639337140759468,0.4643763639333516
FGF2,-0.7758246199999999,0.24369768140213746,0.4643763639333516
CYP4A12A,-1.6427926349999988,0.244494572251547,0.4643763639333516
TLR1,0.6559940073333337,0.24647107213827943,0.4643763639333516
NRIP3,-0.5476585623333339,0.24661440033722676,0.4643763639333516
CPT1A,0.21031567866666734,0.24271931320133314,0.4643763639333516
CRP,-1.4459519600000013,0.24877051426677865,0.4645346212352624
GPC4,-0.30341738100000004,0.24771323392514724,0.4645346212352624
CYP8B1,-1.4325733976666672,0.24832116847099978,0.4645346212352624
GZMD,-0.8526465273333335,0.25074705585163853,0.4664194417850713
CTSL,1.0021005426666676,0.2516210146472095,0.4664194417850713
PTPN1,0.522626282,0.251412298749586,0.4664194417850713
ADPGK,-0.25382747500000136,0.2527729562249181,0.4666393846484857
GPR65,-0.38372989266666746,0.25348690335428004,0.4666393846484857
GCNT1,0.5932122830000006,0.25358166560503237,0.4666393846484857
ATF7IP,0.5260304460000018,0.2574535421407329,0.4726200290506208
MYD88,0.4046700010000004,0.25883742082985495,0.47401551766431266
CIITA,-0.48109820566666617,0.2606656478987686,0.47621608750736577
IL10RA,0.34578524199999894,0.26130085303775485,0.47623177052444526
TPSB2,0.48246625000000076,0.262899032772291,0.47740081827941244
COL5A3,-0.3565681939999994,0.2631986090250971,0.47740081827941244
GLI2,-0.42557352033333284,0.26440563164560693,0.4784482858349077
NR1H2,0.15268983466666697,0.26762691806881084,0.48198212732771617
C8A,-1.4864933486666665,0.2671298111659859,0.48198212732771617
DYNLL1,-0.32534811300000044,0.26835356529837656,0.4821482497086671
LPCAT1,0.49571229266666705,0.2708226145879795,0.4828308137850574
IL33,0.726669777333333,0.2712746809029204,0.4828308137850574
IFNGR1,-0.5043810586666666,0.26958027936832424,0.4828308137850574
PRAP1,-0.8345242099999997,0.27004358918882176,0.4828308137850574
NPHP4,-0.5402026243333333,0.27281377120329914,0.4844356684918396
LOXL2,-0.5563608629999992,0.2741590952503733,0.4845602613727528
STK4,-0.1375924426666666,0.2740151819709243,0.4845602613727528
C8B,-1.2614438450000005,0.2751598554437988,0.4852006731723598
OSBPL5,0.14343473933333328,0.27970933581322965,0.4880322383213985
LAMA3,-0.2821696936666678,0.2796266563850062,0.4880322383213985
KMT2D,-0.09712200899999957,0.27997638935280234,0.4880322383213985
MMP1B,-1.0922825956666657,0.279470918583145,0.4880322383213985
BCL2L1,-0.7459130613333338,0.2793626750896442,0.4880322383213985
FCGR4,-0.5981052083333331,0.280871394146395,0.4884719898198174
IL10,-1.4707875860000001,0.2825926504065127,0.4903434116642686
VCAM1,-0.24299912166666715,0.28357917068018706,0.4909343273734446
SOS1,-0.4460597583333339,0.285319902807089,0.4928252866667901
ITGA9,-0.14090282266666776,0.28784002372131984,0.49605083453107274
PLPP4,-0.4628175936666663,0.28964852299407473,0.4977252789055774
SMURF1,-0.2745159776666668,0.29012144546733,0.4977252789055774
F5,-0.5822412036666673,0.29225523402767584,0.4980134032758602
CASP7,0.2410879570000004,0.2918947438501656,0.4980134032758602
XCL1,-0.6283292500000011,0.29104045545785084,0.4980134032758602
PSMC3,0.2234815276666655,0.299150846374859,0.5049132992770916
JAG2,-0.2913086813333319,0.2986971476491693,0.5049132992770916
MMP7,-0.8028368110000002,0.29962618154469517,0.5049132992770916
DAXX,-0.3534411153333341,0.29938665899320027,0.5049132992770916
PANX1,-0.4299144906666674,0.2994981581789251,0.5049132992770916
ATP7A,0.2621480123333333,0.30196380912483806,0.5077267587054799
NUMB,-0.3104440593333333,0.3034157766429206,0.5079206833670036
NR1H4,-0.5871151103333325,0.30298616662131117,0.5079206833670036
CREB3,-0.3792408786666668,0.3041569758897065,0.508042421266323
COL7A1,-0.4814938443333334,0.30649582735081055,0.5093125122232238
GNPTAB,0.24400187033333243,0.30739119869030274,0.5093125122232238
H2-DMB2,-0.5793929796666673,0.3075979514611312,0.5093125122232238
ERO1L,-0.24024280100000084,0.3057174184665606,0.5093125122232238
MET,-0.26675252733333377,0.3115489761432922,0.5125048092400478
DUSP7,-0.2959779676666656,0.3106438311858722,0.5125048092400478
CHMP4B,0.08038214433333302,0.3110733621827013,0.5125048092400478
CXCL10,-0.793666195666666,0.31635137200456814,0.519280869813114
BPI,-0.39451468899999975,0.3177994155269313,0.5200706295233082
LDLRAP1,0.25977254299999863,0.31820110885307673,0.5200706295233082
HCAR2,-0.37052966966666645,0.3205449282218623,0.5227771361558269
CDK4,-0.4263266139999997,0.3227347387773095,0.522981666248945
TRADD,0.17553341099999997,0.32218947903624423,0.522981666248945
CDKN1A,-0.42081448266666754,0.32243420923570376,0.522981666248945
TPSAB1,-0.3314649386666666,0.324407579130235,0.5243319738121379
MMP12,-0.29740143099999905,0.3249478416651539,0.5243319738121379
SIRT1,-0.15246921266666646,0.32706281864802406,0.5244045193512622
H2-DMB1,-0.2903092110000003,0.32602963682136027,0.5244045193512622
CPB2,-1.0724257333333327,0.32680336242576813,0.5244045193512622
HIF3A,-0.5896611906666664,0.3293099848381505,0.5268959757410409
CAPN5,0.544901831999999,0.33237134854211725,0.5306769430504393
MS4A2,-0.46892582166666763,0.33406503976962626,0.5322629564463647
LPAR5,-0.30296059666666597,0.33669661659928823,0.5353335326683244
SH2D1A,-1.072628174333333,0.3405319060346894,0.5403011452742462
MFAP3,0.5193711923333328,0.3451607676878106,0.541185411955798
CXCR6,-0.5216577250000007,0.3439622882838993,0.541185411955798
MOB1B,-0.1721882980000009,0.34232178615965864,0.541185411955798
NPC1,0.33758048400000007,0.34445721161551024,0.541185411955798
PARP4,-0.1468761590000005,0.3434948906588128,0.541185411955798
CD4,-0.5790086066666671,0.3454960957168023,0.541185411955798
ADIPOQ,0.8170100006666665,0.3460738292243655,0.541185411955798
KDM3B,-0.5179902269999999,0.3484323354874716,0.5437547740666907
PDGFRB,-0.20064596499999965,0.35197749981606163,0.5445468401398833
ADIPOR1,-0.19574711666666822,0.35106135229107777,0.5445468401398833
H2-M3,0.29896630833333226,0.3530920440347946,0.5445468401398833
TJP1,-0.22336026600000025,0.3524630945868242,0.5445468401398833
H2-PA,-0.4079406929999996,0.3532389370907401,0.5445468401398833
MS4A1,-0.5500038923333337,0.3504035644980569,0.5445468401398833
ALDH9A1,-0.5485702176666667,0.35844049379412857,0.5481182601278425
CFH,-0.4501858246666668,0.35715859474077644,0.5481182601278425
IL4,-0.3365500550000009,0.3567234365841988,0.5481182601278425
CASP6,-0.32290800366666694,0.3577770772922603,0.5481182601278425
F11R,-0.26190082533333214,0.3595217907213993,0.5486677930688021
IKBKB,-0.3015139713333337,0.3618433354269339,0.5508376755165868
TGFBR2,0.1834844356666654,0.36239320757670185,0.5508376755165868
CPA3,0.45898452966666614,0.3644050735826397,0.5527901315824475
IL6,-1.1508899436666669,0.3661035566984125,0.5542603647226961
HSP90AB1,0.29633683966666613,0.36808490378286773,0.5550486644344831
RELB,0.2586124106666654,0.3674005922861767,0.5550486644344831
FGD2,0.1680361966666677,0.3740622907906673,0.5629452297047666
MMRN1,-0.19445987933333342,0.3753560838831201,0.5634731562035264
DAPK1,0.4149263740000002,0.37589590815156304,0.5634731562035264
PRDX1,-0.3938162356666668,0.3807460229066599,0.5691262220763057
H2-Q2,-0.3159434223333335,0.3811647987326837,0.5691262220763057
CXCL12,0.4953188870000016,0.3856027391812379,0.574623689760276
KNG2,-0.6944253653333332,0.3875036821622482,0.5752007782095871
MMP11,0.6276977083333333,0.3872195134732576,0.5752007782095871
DDR2,0.3706815363333327,0.39289203225511604,0.5800468719945293
CTBP2,0.25349324200000023,0.39458451686996276,0.5800468719945293
CSF3R,0.6665577936666676,0.3922800271838778,0.5800468719945293
CREB1,-0.26362479400000005,0.39419852439150344,0.5800468719945293
SLC25A10,0.21870851233333344,0.3939231955150174,0.5800468719945293
BRAF,-0.24818875666666784,0.3971292788348533,0.5826607179816381
TLR2,0.3108200366666667,0.4068489085685233,0.5946253279078417
ANAPC10,0.4164717800000002,0.4062722487545419,0.5946253279078417
PRDX6,-0.28537681133333326,0.4104867232736941,0.5987906136046209
STAT5A,0.19339532266666737,0.4128789373645709,0.6006633121428364
AIM2,-0.25741956800000043,0.41335120032987294,0.6006633121428364
UBE2N,0.14495240633333317,0.41880042144994667,0.6074204585915257
PSMB1,0.14764113600000073,0.42043735663050485,0.6086331257889213
APLP2,-0.22131466466666794,0.42268117718318404,0.6107180506829275
SIGLECF,0.4207550573333334,0.4259361217746373,0.6111514004335548
NID2,0.25160271066666695,0.4256866468240823,0.6111514004335548
LRP6,-0.13569499499999882,0.4261976871444527,0.6111514004335548
PCX,-0.4712212840000003,0.42532698926990903,0.6111514004335548
COL16A1,-0.3001006326666662,0.4311785740518443,0.6171294091890803
NLRC4,-0.3934079033333333,0.43293513029619707,0.6184787575659958
TGFBR1,0.21816886200000063,0.4356238521397142,0.6211522094299865
TRAF6,-0.30414545400000037,0.43816515186473987,0.6224402157330884
RHO,-0.4910168953333329,0.43783500266076625,0.6224402157330884
RAB7B,0.23749263966666678,0.4392497861415897,0.6228168609470301
ARHGAP35,0.10658255866666622,0.4418236881761171,0.6252998193926425
IL18R1,-0.4860068560000004,0.44733635946727385,0.6319249687641787
MUC5B,-0.8303241979999996,0.45335943155917385,0.6322076476788479
PTK2,-0.10517602333333276,0.4489293070562514,0.6322076476788479
CREBBP,-0.1777313866666672,0.451066965657579,0.6322076476788479
IL13,-0.31470046200000024,0.4531547093331672,0.6322076476788479
KRAS,-0.2133868906666665,0.45234644505849125,0.6322076476788479
CTNND1,-0.10912792866666621,0.45304949579859843,0.6322076476788479
TLR8,0.2841906309999995,0.4522426224700906,0.6322076476788479
DIAPH1,0.11008483766666721,0.45444226359953277,0.6325569969517305
XAF1,-0.3458520536666656,0.4613282955956118,0.6397983661544981
IRF4,-0.4693476556666667,0.4612345662873361,0.6397983661544981
C1S1,0.42730337066666735,0.4669099135956142,0.6430094996132181
COL5A1,0.22547277299999902,0.46464491558381255,0.6430094996132181
SUFU,0.16759848433333335,0.46577895946406356,0.6430094996132181
ARG1,-0.8882673803333345,0.46702795235065314,0.6430094996132181
SEH1L,-0.2633465766666667,0.46885867399093206,0.6443627345987493
H2-OB,-0.3149553429999994,0.47629016014602527,0.6519970083318176
ATG2B,0.18719448100000058,0.47646753989146756,0.6519970083318176
LYN,0.22047490199999942,0.47698728504275073,0.6519970083318176
STAT3,0.3128936170000012,0.48054876105352856,0.6556859217247427
PSMD13,0.18756286300000014,0.48348454553458436,0.65850941685714
LTB,-0.37508473900000006,0.48589019032900393,0.6606020476744955
CYP2C65,-0.4611202670000001,0.4887740515303128,0.6633362127911387
HTRA2,0.22211745699999952,0.4918944914688797,0.6663811292626534
COL6A5,-0.29327352299999987,0.4987273441826063,0.674435554410642
LTA,-0.4304491190000004,0.5059973498071343,0.6830514846419574
CDON,0.24278070166666676,0.5094263698335031,0.6864610657330892
CD244A,-0.20480217799999956,0.5141662213820303,0.6903998732338216
RORA,0.17100990266666738,0.5141285245184339,0.6903998732338216
PDGFB,-0.12532762866666491,0.5153541932268906,0.6907745799866611
SCIN,-0.21346724766666725,0.5167499373829476,0.6914259725546482
YWHAB,0.1639412639999991,0.5186919239743518,0.6915892319658024
SELENOS,0.2670693859999993,0.518523066089549,0.6915892319658024
PLTP,0.20463249600000122,0.5222298110147273,0.6950869638724917
FST,0.42513684933333273,0.5239017143694423,0.6954653013200824
CYCS,-0.2976513133333327,0.5243442337584305,0.6954653013200824
CFHR2,-0.5987313159999994,0.5292080612999428,0.7006936003274504
PIK3C3,0.1744460203333329,0.5339530237200281,0.7057466052647328
CXCR4,-0.08125242200000038,0.5390126200653452,0.7111972070306638
CD86,-0.45915399899999976,0.540601971737512,0.7120580563613677
EOMES,-0.2679215656666676,0.5415607239047538,0.7120867649958701
ACTR1A,0.1061226159999995,0.5447940602287928,0.715101011699279
BLK,-0.2318143689999994,0.5481156633173486,0.7182205243468706
NCOR2,-0.0893399806666677,0.5503013332934353,0.7198433963907244
CFTR,-0.2861136136666671,0.5552969159351259,0.7250701093047994
PSEN2,-0.24258116200000046,0.5565194048390258,0.7250701093047994
TIMP2,0.1656047436666661,0.5581131762411943,0.7250701093047994
NCSTN,0.16919466366666658,0.557588814600057,0.7250701093047994
ANAPC1,-0.1787481703333329,0.5593769724048407,0.7254718413441621
IGF1R,-0.09807466766666728,0.5606567434248664,0.7258928875688219
TRAT1,-0.3488391823333332,0.5616231685691611,0.725907496790072
TXNDC5,0.2813075093333337,0.5633877338889285,0.7269519146953917
PARP1,-0.15640287300000022,0.5658208903731783,0.7276207727303139
IFI27,0.15969983266666699,0.5657312098295553,0.7276207727303139
NKG7,-0.2327868630000003,0.5730991867097074,0.7317742101810785
MAP3K1,-0.13112784833333269,0.5751271305845964,0.7317742101810785
MAML3,-0.12450500400000131,0.570331590066631,0.7317742101810785
FURIN,0.057464067999998925,0.5750832647935236,0.7317742101810785
NRP2,-0.08982483800000018,0.576711780239444,0.7317742101810785
OAS1A/G,-0.2743718736666665,0.5767536209190343,0.7317742101810785
ACTA2,-0.41337042633333354,0.5712500713784787,0.7317742101810785
MAPK8,-0.13190286533333317,0.5742326969128372,0.7317742101810785
MS4A4A,-0.2498418606666668,0.5779492467232265,0.7320690458494202
H2-EB1,-0.13677107566666624,0.5855789645708211,0.739269124707349
FNIP2,0.10405120533333356,0.5848333440615309,0.739269124707349
SAA1/2,-0.7761701363333335,0.589675632964956,0.7419759620088849
BCAP31,0.13675701966666676,0.5888634245802717,0.7419759620088849
SCD1,-0.46494593866666634,0.590908123001662,0.7422978074070464
AP1G1,0.07634814999999939,0.5953433528476872,0.7466352279937992
CBL,0.15489400866666614,0.5987604743393665,0.7492513977240174
ATOX1,-0.11860320599999863,0.5994011181792139,0.7492513977240174
WAS,-0.11935518833333347,0.6200577775754658,0.7612366438019827
SSR4,-0.12574239866666748,0.6213756528630517,0.7612366438019827
SKP1A,-0.12716761666666798,0.616183605090193,0.7612366438019827
RAC2,0.2265023949999998,0.6158948561202191,0.7612366438019827
FABP4,0.3554709169999981,0.6127447580216059,0.7612366438019827
FLNB,-0.1574142263333318,0.6212183642093887,0.7612366438019827
ABCA1,0.1645527273333327,0.6216261537749395,0.7612366438019827
UBE4B,-0.10381716199999946,0.6142738842435421,0.7612366438019827
IRF1,-0.39081817900000004,0.6218948099371527,0.7612366438019827
YWHAG,-0.04537219066666687,0.6220104681592517,0.7612366438019827
CCL4,0.20165060900000054,0.6165677419163491,0.7612366438019827
HVCN1,-0.1770024183333332,0.6208785461324576,0.7612366438019827
CXCL1,-0.6245991756666669,0.6131534107319978,0.7612366438019827
ITGA5,-0.1661628083333344,0.6293517851151228,0.7644403091520957
KLRD1,-0.2950588630000004,0.6306632550504789,0.7644403091520957
CALM1,-0.07736083699999874,0.6261484154303848,0.7644403091520957
CD163,-0.12664709333333324,0.6305761529803716,0.7644403091520957
SCD2,0.1577019953333334,0.6290771117458758,0.7644403091520957
SOD1,0.1576621973333321,0.6303095946518961,0.7644403091520957
ICOS,-0.2124791676666664,0.6361646716063137,0.7698808127719721
FCER1A,-0.15546231833333213,0.6381814820894041,0.7700388724314929
IQGAP1,0.15456813933333446,0.6383216968840008,0.7700388724314929
GZMA,-0.26590064933333313,0.6416668099475252,0.7728475048496342
RELA,-0.19750660533333342,0.6453899892229965,0.7739933740367326
EP300,-0.10823827300000044,0.6439187407069874,0.7739933740367326
HDAC4,-0.09557408433333414,0.6456734199201164,0.7739933740367326
HSBP1,-0.17248160166666704,0.6483101955824994,0.7759303128231488
DERL1,0.11420810033333328,0.652012388382283,0.7774691758810132
INPP5D,0.30033834466666676,0.6510089771774895,0.7774691758810132
SKI,-0.09602302366666571,0.6526649134369558,0.7774691758810132
SEM1,-0.08883568366666594,0.6563604232602781,0.7806477647540084
PRKAG2,0.278542128999999,0.6578923323697022,0.7812471446890215
ATP6V1F,0.12996552066666656,0.6617494942794125,0.7846015844810507
CTSW,-0.11184905366666698,0.666668773730884,0.7882596329612528
MARCO,0.359727235666667,0.6669091368343231,0.7882596329612528
TJP2,-0.12134118533333282,0.6684151102024414,0.7888128629718253
PIK3CB,-0.08256540600000051,0.6734666650256077,0.7935421169293981
CHIL1,0.2890122593333331,0.6769109750319108,0.7939079336794015
CASP12,0.09430490699999972,0.6760252460971603,0.7939079336794015
MMP13,-0.182197050333333,0.6761060340131789,0.7939079336794015
JAK2,-0.18681934066666628,0.6842492127690151,0.8012779687279683
ADAM9,0.06051963566666618,0.6880765305641733,0.8045202511211873
NCK2,-0.09165110300000023,0.6971761195068843,0.8114147792116876
JAK1,0.08743912199999926,0.6962510372926873,0.8114147792116876
CD34,-0.1124253409999989,0.6960108049491932,0.8114147792116876
MAF,0.13885717533333253,0.7003174351342549,0.8138245423578498
SMARCC2,0.09787690900000001,0.7017548024256491,0.8142498470893029
DOCK1,0.05159282199999993,0.7057053873991819,0.8170111522837289
OGT,-0.10683121333333467,0.7062846408558026,0.8170111522837289
NLRP3,0.24486236933333494,0.7105551849153016,0.8194566624212886
ITCH,0.0953902666666675,0.7103146838540119,0.8194566624212886
AP1S1,0.11115652866666714,0.7121567599087785,0.8200592992888964
RETN,0.14839611433333388,0.7217614994099467,0.8298619357814818
LRRC32,0.11094522333333234,0.7261778399043135,0.833678486899212
PGM2,0.12660026900000076,0.7277945811132491,0.8342743312912057
KANSL1,0.07580737033333307,0.7312898240173842,0.8370184732729096
IRF3,0.06771019066666639,0.73674811696474,0.8419978479597029
IL21R,-0.17550485900000012,0.7405383884640915,0.8450588216707351
TCL1,-0.18046823433333348,0.7517335540024354,0.8565479775739893
LGALS3,-0.21787431033333293,0.7540954959095352,0.857952959418034
LAMTOR4,-0.27994433900000004,0.7583614400655214,0.8615167331088136
NEDD8,0.03991775199999914,0.760728274065177,0.8626583167953381
NR1H3,-0.02480173133333352,0.7639066410569244,0.8626583167953381
IL1RAP,-0.19385838066666672,0.7629278820799761,0.8626583167953381
ISG20,-0.09346853600000049,0.7620117850736032,0.8626583167953381
STAT1,0.1506519416666663,0.7652183612840454,0.8628574993707336
TLR6,-0.1267645150000014,0.7714995059759916,0.8657852403948196
SUGT1,0.007753426999999924,0.7740595788259053,0.8657852403948196
HSD17B4,-0.12852928166666544,0.7707016107867856,0.8657852403948196
LATS2,-0.08794379433333432,0.7729775057029448,0.8657852403948196
BST2,0.12942835333333402,0.774649951932207,0.8657852403948196
CD14,0.15829868233333322,0.7701953905906747,0.8657852403948196
RAC3,-0.09694460266666649,0.7854224682881977,0.873129620449156
MAPK11,-0.1410208500000003,0.7857119335568921,0.873129620449156
SPOPL,0.0744113413333336,0.7858166584042403,0.873129620449156
JAG1,-0.11679844599999978,0.7857644154593716,0.873129620449156
AKR1B7,0.1804829610000005,0.7888018377010455,0.8738912487650066
KDM2A,-0.059491691000000735,0.787755971698353,0.8738912487650066
TBL1XR1,0.022284967333334293,0.7955825409223999,0.8775917697842918
EP400,-0.06406500066666698,0.797915674895981,0.8775917697842918
FGL2,-0.2059050959999995,0.7960791034988981,0.8775917697842918
ITGB3,-0.0748169143333337,0.7977321262404107,0.8775917697842918
OASL1,-0.11688468466666624,0.7939042127639628,0.8775917697842918
MBTPS2,-0.15768356166666653,0.800235278349909,0.8788711149507672
ITGA4,0.037725853666666254,0.8044940949104975,0.8822734662799107
C3,0.24166412199999954,0.8108196960603733,0.8875458720933893
TLR4,0.10228463399999921,0.8116373435590862,0.8875458720933893
KLF5,0.08074120799999918,0.8142436372589797,0.8878409818031917
TNN,-0.13356661400000025,0.8140939834052465,0.8878409818031917
APP,0.07143934366666826,0.8175087091240351,0.8901240958943649
CUL3,-0.04434901733333341,0.8191795865313768,0.8906673616077916
CUL1,0.032187622666666194,0.8232096495661316,0.8937704766718001
NCR1,-0.2373076799999998,0.8316039438752195,0.8993424488207438
PRKDC,0.04573040833333408,0.8319100309915214,0.8993424488207438
SERPINE1,-0.10568480533333346,0.8342584558139795,0.8993424488207438
THBS2,0.0649154120000004,0.8331784369654199,0.8993424488207438
KIF3A,0.08228046500000019,0.8328070619209047,0.8993424488207438
P3H3,-0.0839333126666677,0.8399895423629515,0.9007144720331899
BIRC3,-0.0871821930000003,0.8382187548575593,0.9007144720331899
PDE2A,-0.041586933666667214,0.8402717903572785,0.9007144720331899
NCOA2,0.04808329833333236,0.8388975862012068,0.9007144720331899
ANGPTL4,-0.07178763833333335,0.8469918242644884,0.9066391358324101
CARD9,0.03049289633333352,0.8511394180057317,0.9085196034892642
SRC,0.07032349566666518,0.8509579572082401,0.9085196034892642
COX6A1,-0.0689672640000012,0.8569446395003613,0.9134332763257708
CSNK1A1,-0.016767273000002803,0.8593926690930246,0.9134803195953827
TCF7L1,0.058724475,0.8589489581263735,0.9134803195953827
FPR1,-0.05460057500000115,0.8653118560128787,0.9184874449298713
LEP,0.13166405466666653,0.8666960883558031,0.9186736780340452
MAPK9,-0.02094340033333353,0.8695413456932665,0.9204058812352125
SMAD6,-0.04686929133333173,0.8740597084181014,0.9239017780219153
TNFSF14,-0.10102081666666685,0.8837475174745701,0.9302605447100739
MTMR4,0.02784469333333206,0.8832856038195261,0.9302605447100739
ATF4,0.041845841666665606,0.8835230532387254,0.9302605447100739
CD19,-0.06118135599999919,0.885308133099364,0.930614358444698
GLI3,-0.0796674976666667,0.8868993703313746,0.9309993390218848
P2RY13,-0.07746136400000037,0.901370552705017,0.9422855846709944
MMP8,-0.07254315466666661,0.9011136349668734,0.9422855846709944
FGF15,0.06048424966666621,0.900696933738517,0.9422855846709944
ADCY7,0.04345340533333175,0.9107458098482771,0.9507785926987508
MEFV,0.08307367499999962,0.9167749497079252,0.9531449545526992
FAP,0.02269475733333337,0.9151324219130146,0.9531449545526992
IFI35,0.023253921333331817,0.9162684970336908,0.9531449545526992
GATA3,-0.05037419700000001,0.924450898725947,0.9545960367278801
GAS1,-0.03460066133333406,0.9226447433261741,0.9545960367278801
MEF2A,-0.016600395666666934,0.9227777270476558,0.9545960367278801
GPX2,-0.07678830800000114,0.9235868932913908,0.9545960367278801
MTOR,-0.02196680399999984,0.9235458768331524,0.9545960367278801
CDKN2C,0.023586422666666884,0.9281748833669019,0.9563985128787177
SCD3,-0.07757878566666676,0.9287132927690706,0.9563985128787177
RELN,0.05116363966666615,0.9373455345051799,0.9639818758104691
SEC24C,-0.018070002000000862,0.9424774299322292,0.9679497929033706
NFKB1,0.026420741999999997,0.9440019781389777,0.9682071570656181
H2-Q1,-0.04280083800000023,0.9472963434907657,0.9702765782385202
CASP4,0.03375858466666681,0.94934391990381,0.9710651132259698
PLCB3,0.011451323333332653,0.9508555686492408,0.9713040755019126
ISG15,0.03008671933333318,0.9529004221164268,0.9720863366556837
TNF,0.02204370300000047,0.9546023816127204,0.9725171716161762
PLCB2,0.02563879799999924,0.9655901406627695,0.982394252883139
IL1B,-0.037774787666666754,0.9669221389322742,0.9824342588081931
ADAM17,0.007635603333334018,0.97101173292313,0.9852722523652587
LOXL4,0.01605079066666626,0.9741078111590316,0.9870959153078187
COL6A3,-0.00880656200000196,0.9756948079999492,0.987387555366127
AMOTL2,0.009331667333333016,0.9774347688563456,0.9878330110782216
PTPN12,-0.0057216266666682,0.9825025894489655,0.9916360796563264
FASN,0.008680353666665752,0.9889581208460947,0.996827814115427
NCAM1,0.00348852666666577,0.9924732385744351,0.9977244197309136
CXCR3,-0.0049814880000003114,0.9912448450175823,0.9977244197309136
PPARG,-0.0049814876666669505,0.9941228671063366,0.9980625878478412
SP1,-0.00021400233333501717,0.9989653019865001,0.9990076714178223
XIAP,-0.00020150900000004413,0.9990076714178223,0.9990076714178223
LATS1,0.0011469643333335,0.996767303187153,0.9990076714178223
