条目ID,毒素名称,毒素家族,UniProt ID,Entry Name,蛇种,序列长度(aa),来源,CD-HIT聚类号,结构状态,丰度权重(%),纳入状态,排除原因,下载日期,备注
T001,Cysteine rich secretory protein,CRISP,A0A223PK22,A0A223PK22_DABRR,D. russelii,257,UniProt unreviewed（补充家族全长序列，待 VenomZone/文献核对）,C6,无,2.0,纳入,,2026-09-22,；丰度为家族级（Tan et al. 斯里兰卡种群）
T002,Serotriflin,CRISP,A0A223PK48,A0A223PK48_DABRR,D. russelii,239,UniProt unreviewed（补充家族全长序列，待 VenomZone/文献核对）,C9,无,2.0,纳入,,2026-09-22,；丰度为家族级（Tan et al. 斯里兰卡种群）
T003,Disintegrin,SVMP/disintegrin,A0A2H4Z2X6,A0A2H4Z2X6_DABSI,D. siamensis,110,UniProt unreviewed（补充家族全长序列，待 VenomZone/文献核对）,C31,AlphaFold 模型,6.9,纳入,,2026-09-22,；丰度为家族级（Tan et al. 斯里兰卡种群）
T004,Disintegrin,SVMP/disintegrin,A0A2H4Z2Y1,A0A2H4Z2Y1_DABSI,D. siamensis,110,UniProt unreviewed（补充家族全长序列，待 VenomZone/文献核对）,C32,AlphaFold 模型,6.9,纳入,,2026-09-22,；丰度为家族级（Tan et al. 斯里兰卡种群）
T005,Acidic phospholipase A2 DsM-a2/DsM-a2' (svPLA2) (Phosphatidylcholine 2-acylhydrolase),PLA2,A8CG78,PA2A2_DABSI,D. siamensis,138,UniProt reviewed（两蛇种合并检索）,C20（簇内2条，代表:A8CG78）,AlphaFold 模型,35.0,纳入,,2026-09-22,代表性序列；丰度为家族级（Tan et al. 斯里兰卡种群）
T006,Basic phospholipase A2 DsM-b1/DsM-b1' (svPLA2) (Phosphatidylcholine 2-acylhydrolase),PLA2,A8CG82,PA2B1_DABSI,D. siamensis,138,UniProt reviewed（两蛇种合并检索）,C21（簇内2条，代表:A8CG82）,AlphaFold 模型,35.0,纳入,,2026-09-22,代表性序列；丰度为家族级（Tan et al. 斯里兰卡种群）
T007,Basic phospholipase A2 DsM-S1 (svPLA2) (Phosphatidylcholine 2-acylhydrolase),PLA2,A8CG84,PA2BS_DABSI,D. siamensis,137,UniProt reviewed（两蛇种合并检索）,C26（簇内3条，代表:A8CG84）,AlphaFold 模型,35.0,纳入,,2026-09-22,代表性序列；丰度为家族级（Tan et al. 斯里兰卡种群）
T008,Acidic phospholipase A2 Drk-a1 (svPLA2) (Phosphatidylcholine 2-acylhydrolase) (Phospholipase A2 Drk-a1') (Phospholipase A2-I),PLA2,A8CG86,PA2A1_DABRR,D. russelii,138,UniProt reviewed（两蛇种合并检索）,C22（簇内2条，代表:A8CG86）,AlphaFold 模型,35.0,纳入,,2026-09-22,代表性序列；丰度为家族级（Tan et al. 斯里兰卡种群）
T009,Acidic phospholipase A2 Drk-a2 (svPLA2) (Phosphatidylcholine 2-acylhydrolase),PLA2,A8CG87,PA2A2_DABRR,D. russelii,138,UniProt reviewed（两蛇种合并检索）,C20（簇内2条，代表:A8CG78）,AlphaFold 模型,35.0,纳入,,2026-09-22,；丰度为家族级（Tan et al. 斯里兰卡种群）
T010,Basic phospholipase A2 Drk-b1 (svPLA2) (Phosphatidylcholine 2-acylhydrolase),PLA2,A8CG89,PA2B1_DABRR,D. russelii,138,UniProt reviewed（两蛇种合并检索）,C21（簇内2条，代表:A8CG82）,AlphaFold 模型,35.0,纳入,,2026-09-22,；丰度为家族级（Tan et al. 斯里兰卡种群）
T011,Basic phospholipase A2 Drk-b2 (svPLA2) (Phosphatidylcholine 2-acylhydrolase),PLA2,A8CG90,PA2B2_DABRR,D. russelii,137,UniProt reviewed（两蛇种合并检索）,C25,AlphaFold 模型,35.0,纳入,,2026-09-22,；丰度为家族级（Tan et al. 斯里兰卡种群）
T012,Kunitz-type serine protease inhibitor C1 (BPTI-1) (Trypsin inhibitor 1) (Trypsin inhibitor C1),Kunitz抑制剂,A8Y7N4,VKTC1_DABSI,D. siamensis,90,UniProt reviewed（两蛇种合并检索）,C35（簇内3条，代表:H6VC05）,AlphaFold 模型,4.6,纳入,,2026-09-22,；丰度为家族级（Tan et al. 斯里兰卡种群）
T013,Kunitz-type serine protease inhibitor C2 (BPTI-2) (Trypsin inhibitor 2) (Trypsin inhibitor C2),Kunitz抑制剂,A8Y7N5,VKTC2_DABSI,D. siamensis,84,UniProt reviewed（两蛇种合并检索）,C38（簇内4条，代表:H6VC06）,AlphaFold 模型,4.6,纳入,,2026-09-22,；丰度为家族级（Tan et al. 斯里兰卡种群）
T014,Kunitz-type serine protease inhibitor C3 (BPTI-3) (Trypsin inhibitor 3) (Trypsin inhibitor C3),Kunitz抑制剂,A8Y7N6,VKTC3_DABSI,D. siamensis,84,UniProt reviewed（两蛇种合并检索）,C36（簇内3条，代表:A8Y7N7）,AlphaFold 模型,4.6,纳入,,2026-09-22,；丰度为家族级（Tan et al. 斯里兰卡种群）
T015,Kunitz-type serine protease inhibitor C4 (BPTI-4) (Trypsin inhibitor 4) (Trypsin inhibitor C4),Kunitz抑制剂,A8Y7N7,VKTC4_DABSI,D. siamensis,90,UniProt reviewed（两蛇种合并检索）,C36（簇内3条，代表:A8Y7N7）,AlphaFold 模型,4.6,纳入,,2026-09-22,代表性序列；丰度为家族级（Tan et al. 斯里兰卡种群）
T016,Kunitz-type serine protease inhibitor C5 (BPTI-5) (Trypsin inhibitor 5) (Trypsin inhibitor C5),Kunitz抑制剂,A8Y7N8,VKTC5_DABSI,D. siamensis,90,UniProt reviewed（两蛇种合并检索）,C35（簇内3条，代表:H6VC05）,AlphaFold 模型,4.6,纳入,,2026-09-22,；丰度为家族级（Tan et al. 斯里兰卡种群）
T017,Kunitz-type serine protease inhibitor C6 (BPTI-6) (Trypsin inhibitor 6) (Trypsin inhibitor C6),Kunitz抑制剂,A8Y7N9,VKTC6_DABSI,D. siamensis,96,UniProt reviewed（两蛇种合并检索）,C33,AlphaFold 模型,4.6,纳入,,2026-09-22,；丰度为家族级（Tan et al. 斯里兰卡种群）
T018,Kunitz-type serine protease inhibitor 7 (BPTI-7) (Trypsin inhibitor 7) (Trypsin inhibitor B7) (Trypsin inhibitor C7),Kunitz抑制剂,A8Y7P0,VKTB7_DABSI,D. siamensis,84,UniProt reviewed（两蛇种合并检索）,C39（簇内5条，代表:A8Y7P0）,AlphaFold 模型,4.6,纳入,,2026-09-22,代表性序列；丰度为家族级（Tan et al. 斯里兰卡种群）
T019,Kunitz-type serine protease inhibitor B1 (BBPTI-1) (BPTI-1) (Trypsin inhibitor 1) (Trypsin inhibitor B1),Kunitz抑制剂,A8Y7P1,VKTB1_DABSI,D. siamensis,84,UniProt reviewed（两蛇种合并检索）,C37（簇内2条，代表:A8Y7P5）,AlphaFold 模型,4.6,纳入,,2026-09-22,；丰度为家族级（Tan et al. 斯里兰卡种群）
T020,Kunitz-type serine protease inhibitor B2 (BPTI-2) (Trypsin inhibitor 2) (Trypsin inhibitor B2),Kunitz抑制剂,A8Y7P2,VKTB2_DABSI,D. siamensis,84,UniProt reviewed（两蛇种合并检索）,C39（簇内5条，代表:A8Y7P0）,AlphaFold 模型,4.6,纳入,,2026-09-22,；丰度为家族级（Tan et al. 斯里兰卡种群）
T021,Kunitz-type serine protease inhibitor B3 (BPTI-3) (Trypsin inhibitor 3) (Trypsin inhibitor B3),Kunitz抑制剂,A8Y7P3,VKTB3_DABSI,D. siamensis,84,UniProt reviewed（两蛇种合并检索）,C38（簇内4条，代表:H6VC06）,AlphaFold 模型,4.6,纳入,,2026-09-22,；丰度为家族级（Tan et al. 斯里兰卡种群）
T022,Kunitz-type serine protease inhibitor B4 (BPTI-4) (Trypsin inhibitor 4) (Trypsin inhibitor B4),Kunitz抑制剂,A8Y7P4,VKTB4_DABSI,D. siamensis,84,UniProt reviewed（两蛇种合并检索）,C38（簇内4条，代表:H6VC06）,AlphaFold 模型,4.6,纳入,,2026-09-22,；丰度为家族级（Tan et al. 斯里兰卡种群）
T023,Kunitz-type serine protease inhibitor B5 (BBPTI-5) (BPTI-5) (Trypsin inhibitor 5) (Trypsin inhibitor B5),Kunitz抑制剂,A8Y7P5,VKTB5_DABSI,D. siamensis,90,UniProt reviewed（两蛇种合并检索）,C37（簇内2条，代表:A8Y7P5）,AlphaFold 模型,4.6,纳入,,2026-09-22,代表性序列；丰度为家族级（Tan et al. 斯里兰卡种群）
T024,Kunitz-type serine protease inhibitor B6 (BPTI-6) (Trypsin inhibitor 6) (Trypsin inhibitor B6),Kunitz抑制剂,A8Y7P6,VKTB6_DABSI,D. siamensis,84,UniProt reviewed（两蛇种合并检索）,C39（簇内5条，代表:A8Y7P0）,AlphaFold 模型,4.6,纳入,,2026-09-22,；丰度为家族级（Tan et al. 斯里兰卡种群）
T025,hemorrhagic metalloproteinase russelysin,SVMP/disintegrin,AAZ39880.1,AAZ39880.1,D. russelii,615,NCBI GenBank（russelysin，经典出血性 SVMP，PMID 检索佐证）,C2（簇内2条，代表:B8K1W0）,无,6.9,纳入,,2026-09-22,；丰度为家族级（Tan et al. 斯里兰卡种群）
T026,Zinc metalloproteinase-disintegrin-like daborhagin-K (EC 3.4.24.-) (Haemorrhagic metalloproteinase russelysin) (Snake venom metalloproteinase) (SVMP),SVMP/disintegrin,B8K1W0,VM3DK_DABRR,D. russelii,615,UniProt reviewed（两蛇种合并检索）,C2（簇内2条，代表:B8K1W0）,AlphaFold 模型,6.9,纳入,,2026-09-22,代表性序列；丰度为家族级（Tan et al. 斯里兰卡种群）
T027,Basic phospholipase A2 daboxin P (svPLA2) (Phosphatidylcholine 2-acylhydrolase),PLA2,C0HK16,PA2BD_DABRR,D. russelii,121,UniProt reviewed（两蛇种合并检索）,C26（簇内3条，代表:A8CG84）,AlphaFold 模型,35.0,纳入,,2026-09-22,；丰度为家族级（Tan et al. 斯里兰卡种群）
T028,Alpha-fibrinogenase-like (RVAF) (EC 3.4.21.-) (Snake venom serine protease) (SVSP),SVSP,E5L0E3,VSPAF_DABSI,D. siamensis,258,UniProt reviewed（两蛇种合并检索）,C5,AlphaFold 模型,16.0,纳入,,2026-09-22,；丰度为家族级（Tan et al. 斯里兰卡种群）
T029,Beta-fibrinogenase-like (RVBF) (EC 3.4.21.-) (Snake venom serine protease) (SVSP),SVSP,E5L0E4,VSPB_DABSI,D. siamensis,256,UniProt reviewed（两蛇种合并检索）,C7,AlphaFold 模型,16.0,纳入,,2026-09-22,；丰度为家族级（Tan et al. 斯里兰卡种群）
T030,Cysteine-rich venom protein,CRISP,F2Q6F2,F2Q6F2_DABRR,D. russelii,239,UniProt unreviewed（补充家族全长序列，待 VenomZone/文献核对）,C8,AlphaFold 模型,2.0,纳入,,2026-09-22,；丰度为家族级（Tan et al. 斯里兰卡种群）
T031,Cysteine-rich venom protein,CRISP,F2Q6F3,F2Q6F3_DABRR,D. russelii,221,UniProt unreviewed（补充家族全长序列，待 VenomZone/文献核对）,C10,AlphaFold 模型,2.0,纳入,,2026-09-22,；丰度为家族级（Tan et al. 斯里兰卡种群）
T032,L-amino-acid oxidase (DrLAO) (LAAO),LAAO,G8XQX1,OXLA_DABRR,D. russelii,504,UniProt reviewed（两蛇种合并检索）,C3（簇内2条，代表:G8XQX1）,AlphaFold 模型,5.2,纳入,,2026-09-22,代表性序列；丰度为家族级（Tan et al. 斯里兰卡种群）
T033,Kunitz-type serine protease inhibitor DrKIn-I (Daboia russelii Kunitz Inhibitor-I),Kunitz抑制剂,H6VC05,VKTK1_DABRR,D. russelii,90,UniProt reviewed（两蛇种合并检索）,C35（簇内3条，代表:H6VC05）,AlphaFold 模型,4.6,纳入,,2026-09-22,代表性序列；丰度为家族级（Tan et al. 斯里兰卡种群）
T034,Kunitz-type serine protease inhibitor DrKIn-II (Daboia russelii Kunitz Inhibitor-II),Kunitz抑制剂,H6VC06,VKTK2_DABRR,D. russelii,84,UniProt reviewed（两蛇种合并检索）,C38（簇内4条，代表:H6VC06）,AlphaFold 模型,4.6,纳入,,2026-09-22,代表性序列；丰度为家族级（Tan et al. 斯里兰卡种群）
T035,Kunitz-type serine protease inhibitor 2 (RVV-II) (Venom basic protease inhibitor 2) (Venom basic protease inhibitor II),Kunitz抑制剂,P00990,VKT2_DABSI,D. siamensis,60,UniProt reviewed（两蛇种合并检索）,C39（簇内5条，代表:A8Y7P0）,AlphaFold 模型,4.6,纳入,,2026-09-22,；丰度为家族级（Tan et al. 斯里兰卡种群）
T036,Snake venom vascular endothelial growth factor toxin VR-1' (svVEGF) (VEGF-F),VEGF,P0DL42,TXVE_DABSI,D. siamensis,109,UniProt reviewed（两蛇种合并检索）,C18（簇内2条，代表:P67861）,AlphaFold 模型,未单列（<1%）,纳入,,2026-09-22,；丰度为家族级（Tan et al. 斯里兰卡种群）
T037,Factor V activator RVV-V alpha (Russel's viper venom FV activator alpha) (RVV-V alpha) (Snake venom serine protease) (SVSP),SVSP,P18964,VSPA_DABSI,D. siamensis,236,UniProt reviewed（两蛇种合并检索）,C4（簇内2条，代表:P18965）,AlphaFold 模型,16.0,纳入,,2026-09-22,；丰度为家族级（Tan et al. 斯里兰卡种群）
T038,Factor V activator RVV-V gamma (Russel's viper venom FV activator gamma) (RVV-V gamma) (Snake venom serine protease) (SVSP),SVSP,P18965,VSPG_DABSI,D. siamensis,260,UniProt reviewed（两蛇种合并检索）,C4（簇内2条，代表:P18965）,PDB 有,16.0,纳入,,2026-09-22,代表性序列；丰度为家族级（Tan et al. 斯里兰卡种群）
T039,Venom nerve growth factor (v-NGF) (vNGF),NGF,P30894,NGFV_DABRR,D. russelii,117,UniProt reviewed（两蛇种合并检索）,C30,AlphaFold 模型,3.5,纳入,,2026-09-22,；丰度为家族级（Tan et al. 斯里兰卡种群）
T040,Acidic phospholipase A2 RV-7 (svPLA2) (F7) (Phosphatidylcholine 2-acylhydrolase) (Phospholipase A2 inhibitor) (S4) (Viperotoxin F) (Viperotoxin non-toxic acidic component),PLA2,P31100,PA2A7_DABSI,D. siamensis,138,UniProt reviewed（两蛇种合并检索）,C23,PDB 有,35.0,纳入,,2026-09-22,；丰度为家族级（Tan et al. 斯里兰卡种群）
T041,Basic phospholipase A2 VRV-PL-VIIIa (svPLA2) (DPLA2) (P1) (Phosphatidylcholine 2-acylhydrolase) (Phospholipase A2 4) (PLA24),PLA2,P59071,PA2B8_DABRR,D. russelii,121,UniProt reviewed（两蛇种合并检索）,C26（簇内3条，代表:A8CG84）,PDB 有,35.0,纳入,,2026-09-22,；丰度为家族级（Tan et al. 斯里兰卡种群）
T042,Snake venom vascular endothelial growth factor toxin VR-1 (svVEGF) (VEGF-F),VEGF,P67861,TXVE_DABRR,D. russelii,144,UniProt reviewed（两蛇种合并检索）,C18（簇内2条，代表:P67861）,PDB 有,未单列（<1%）,纳入,,2026-09-22,代表性序列；丰度为家族级（Tan et al. 斯里兰卡种群）
T043,Basic phospholipase A2 RVV-VD (svPLA2) (Phosphatidylcholine 2-acylhydrolase) (R1),PLA2,P81458,PA2B_DABRR,D. russelii,121,UniProt reviewed（两蛇种合并检索）,C29,PDB 有,35.0,纳入,,2026-09-22,；丰度为家族级（Tan et al. 斯里兰卡种群）
T044,Basic phospholipase A2 VRV-PL-V (svPLA2) (P2-1) (P2-2) (P3) (Phosphatidylcholine 2-acylhydrolase),PLA2,P84674,PA2B5_DABRR,D. russelii,121,UniProt reviewed（两蛇种合并检索）,C28（簇内2条，代表:P84674）,AlphaFold 模型,35.0,纳入,,2026-09-22,代表性序列；丰度为家族级（Tan et al. 斯里兰卡种群）
T045,Basic phospholipase A2 3 (PLA23) (svPLA2) (Phosphatidylcholine 2-acylhydrolase),PLA2,P86368,PA2B3_DABRR,D. russelii,121,UniProt reviewed（两蛇种合并检索）,C28（簇内2条，代表:P84674）,AlphaFold 模型,35.0,纳入,,2026-09-22,；丰度为家族级（Tan et al. 斯里兰卡种群）
T046,Basic phospholipase A2 RV-4 (svPLA2) (F4) (Phosphatidylcholine 2-acylhydrolase) (S2) (Viperotoxin F) (Viperotoxin toxic basic component),PLA2,Q02471,PA2B4_DABSI,D. siamensis,138,UniProt reviewed（两蛇种合并检索）,C24,PDB 有,35.0,纳入,,2026-09-22,；丰度为家族级（Tan et al. 斯里兰卡种群）
T047,Kunitz-type serine protease inhibitor 5 (Kunitz protease inhibitor 5) (Kunitz protease inhibitor V),Kunitz抑制剂,Q2ES46,VKT5_DABRR,D. russelii,96,UniProt reviewed（两蛇种合并检索）,C34（簇内2条，代表:Q2ES46）,AlphaFold 模型,4.6,纳入,,2026-09-22,代表性序列；丰度为家族级（Tan et al. 斯里兰卡种群）
T048,Kunitz-type serine protease inhibitor 4 (Kunitz protease inhibitor 4) (Kunitz protease inhibitor IV),Kunitz抑制剂,Q2ES47,VKT4_DABRR,D. russelii,84,UniProt reviewed（两蛇种合并检索）,C34（簇内2条，代表:Q2ES46）,AlphaFold 模型,4.6,纳入,,2026-09-22,；丰度为家族级（Tan et al. 斯里兰卡种群）
T049,Kunitz-type serine protease inhibitor 3 (Kunitz protease inhibitor 3) (Kunitz protease inhibitor III),Kunitz抑制剂,Q2ES48,VKT3_DABRR,D. russelii,84,UniProt reviewed（两蛇种合并检索）,C36（簇内3条，代表:A8Y7N7）,AlphaFold 模型,4.6,纳入,,2026-09-22,；丰度为家族级（Tan et al. 斯里兰卡种群）
T050,Kunitz-type serine protease inhibitor 2 (Kunitz protease inhibitor 2) (Kunitz protease inhibitor II),Kunitz抑制剂,Q2ES49,VKT2_DABRR,D. russelii,84,UniProt reviewed（两蛇种合并检索）,C40,AlphaFold 模型,4.6,纳入,,2026-09-22,；丰度为家族级（Tan et al. 斯里兰卡种群）
T051,Kunitz-type serine protease inhibitor 1 (Kunitz protease inhibitor 1) (Kunitz protease inhibitor I),Kunitz抑制剂,Q2ES50,VKT1_DABRR,D. russelii,84,UniProt reviewed（两蛇种合并检索）,C39（簇内5条，代表:A8Y7P0）,AlphaFold 模型,4.6,纳入,,2026-09-22,；丰度为家族级（Tan et al. 斯里兰卡种群）
T052,Snaclec dabocetin subunit alpha (C-type lectin-like 8),snaclec/CTL,Q38L02,SLA_DABSI,D. siamensis,154,UniProt reviewed（两蛇种合并检索）,C12,AlphaFold 模型,22.4,纳入,,2026-09-22,；丰度为家族级（Tan et al. 斯里兰卡种群）
T053,L-amino-acid oxidase (DRS-LAAO) (LAO),LAAO,Q4F867,OXLA_DABSI,D. siamensis,407,UniProt reviewed（两蛇种合并检索）,C3（簇内2条，代表:G8XQX1）,AlphaFold 模型,5.2,纳入,,2026-09-22,；丰度为家族级（Tan et al. 斯里兰卡种群）
T054,Snaclec 7 (C-type lectin-like 7),snaclec/CTL,Q4PRC6,SL7_DABSI,D. siamensis,150,UniProt reviewed（两蛇种合并检索）,C13,AlphaFold 模型,22.4,纳入,,2026-09-22,；丰度为家族级（Tan et al. 斯里兰卡种群）
T055,Snaclec 6 (C-type lectin-like 6),snaclec/CTL,Q4PRC7,SL6_DABSI,D. siamensis,144,UniProt reviewed（两蛇种合并检索）,C19,AlphaFold 模型,22.4,纳入,,2026-09-22,；丰度为家族级（Tan et al. 斯里兰卡种群）
T056,Snaclec 5 (C-type lectin-like 5),snaclec/CTL,Q4PRC8,SL5_DABSI,D. siamensis,148,UniProt reviewed（两蛇种合并检索）,C14,AlphaFold 模型,22.4,纳入,,2026-09-22,；丰度为家族级（Tan et al. 斯里兰卡种群）
T057,Snaclec 4 (C-type lectin-like 4),snaclec/CTL,Q4PRC9,SL4_DABSI,D. siamensis,146,UniProt reviewed（两蛇种合并检索）,C17,AlphaFold 模型,22.4,纳入,,2026-09-22,；丰度为家族级（Tan et al. 斯里兰卡种群）
T058,Snaclec 3 (C-type lectin-like 3),snaclec/CTL,Q4PRD0,SL3_DABSI,D. siamensis,148,UniProt reviewed（两蛇种合并检索）,C15,AlphaFold 模型,22.4,纳入,,2026-09-22,；丰度为家族级（Tan et al. 斯里兰卡种群）
T059,Snaclec coagulation factor X-activating enzyme light chain 1 (C-type lectin-like protein subunit 2) (Coagulation factor X-activating enzyme gamma-chain) (RVV-X light chain 1),snaclec/CTL,Q4PRD1,SLLC1_DABSI,D. siamensis,146,UniProt reviewed（两蛇种合并检索）,C16,PDB 有,22.4,纳入,,2026-09-22,；丰度为家族级（Tan et al. 斯里兰卡种群）
T060,Snaclec coagulation factor X-activating enzyme light chain 2 (C-type lectin-like protein subunit 1) (Coagulation factor X-activating enzyme beta-chain) (RVV-X light chain 2),snaclec/CTL,Q4PRD2,SLLC2_DABSI,D. siamensis,158,UniProt reviewed（两蛇种合并检索）,C11,PDB 有,22.4,纳入,,2026-09-22,；丰度为家族级（Tan et al. 斯里兰卡种群）
T061,Coagulation factor X-activating enzyme heavy chain (Coagulation factor X-activating enzyme chain alpha) (RVV-X heavy chain) (Russellysin) (Snake venom metalloproteinase) (SVMP),SVMP/disintegrin,Q7LZ61,VM3CX_DABSI,D. siamensis,619,UniProt reviewed（两蛇种合并检索）,C1,PDB 有,6.9,纳入,,2026-09-22,；丰度为家族级（Tan et al. 斯里兰卡种群）
T062,Acidic phospholipase A2 daboiatoxin A chain (DbTx-A) (svPLA2) (Phospholipase A2 Dsm-a1) (Phospholipase A2 inhibitor) (Phospholipase A2-III),PLA2,Q7T2R1,PA2AA_DABSI,D. siamensis,138,UniProt reviewed（两蛇种合并检索）,C22（簇内2条，代表:A8CG86）,PDB 有,35.0,纳入,,2026-09-22,；丰度为家族级（Tan et al. 斯里兰卡种群）
T063,Acidic phospholipase A2 daboiatoxin B chain (DbTx-B) (svPLA2) (Acidic phospholipase A2-II) (Phosphatidylcholine 2-acylhydrolase),PLA2,Q7T3T5,PA2AB_DABSI,D. siamensis,130,UniProt reviewed（两蛇种合并检索）,C27,PDB 有,35.0,纳入,,2026-09-22,；丰度为家族级（Tan et al. 斯里兰卡种群）
