Entry	Entry Name	Protein names	Gene Names	Organism	Length	PDB	AlphaFoldDB	Function [CC]	Reviewed
A8Y7P1	VKTB1_DABSI	Kunitz-type serine protease inhibitor B1 (BBPTI-1) (BPTI-1) (Trypsin inhibitor 1) (Trypsin inhibitor B1)		Daboia siamensis (Eastern Russel's viper) (Daboia russelii siamensis)	84		A8Y7P1;	FUNCTION: Serine protease inhibitor that has activity against chymotrypsin (Ki=4.77 nM) but not against trypsin. {ECO:0000269|PubMed:23428970}.	reviewed
H6VC05	VKTK1_DABRR	Kunitz-type serine protease inhibitor DrKIn-I (Daboia russelii Kunitz Inhibitor-I)		Daboia russelii (Russel's viper) (Vipera russelii)	90		H6VC05;	FUNCTION: Serine protease inhibitor. Inhibits activated protein C (APC) with an IC(50) of 3.5 nM in the presence of heparin (to which it strongly binds) and an IC(50) of 88.9 nM in its absence. Other targets are also significantly inhibited in presence of heparin: trypsin (PRSS1) (45%), coagulation FXIa (F11) (40%), and plasmin (PLG) (70%). In vivo, synergizes with RVV-X in promoting coagulation in mice and by extension in Russell's viper bite patients. {ECO:0000269|PubMed:22416129}.	reviewed
H6VC06	VKTK2_DABRR	Kunitz-type serine protease inhibitor DrKIn-II (Daboia russelii Kunitz Inhibitor-II)		Daboia russelii (Russel's viper) (Vipera russelii)	84		H6VC06;	FUNCTION: Serine protease inhibitor that inhibits plasmin (90%) (Ki=0.19 nM), trypsin (70%), FXIa/F11 (37%) (Ki=6 nM) and FXa/F10 (20%), and prolonges the activated partial thromboplastin time. This antifibrinolytic property has been confirmed by a fibrin plate assay. Shows less antifibrinolytic activity that aprotinin. In vivo, reduces the bleeding time in a murine bleeding model, and prevents the increase of fibrin(ogen) degradation products in coagulation-stimulated mice. {ECO:0000269|PubMed:22416129, ECO:0000269|PubMed:23999090}.	reviewed
A8Y7N4	VKTC1_DABSI	Kunitz-type serine protease inhibitor C1 (BPTI-1) (Trypsin inhibitor 1) (Trypsin inhibitor C1)		Daboia siamensis (Eastern Russel's viper) (Daboia russelii siamensis)	90		A8Y7N4;	FUNCTION: Serine protease inhibitor that inhibits trypsin. {ECO:0000250}.	reviewed
A8Y7N5	VKTC2_DABSI	Kunitz-type serine protease inhibitor C2 (BPTI-2) (Trypsin inhibitor 2) (Trypsin inhibitor C2)		Daboia siamensis (Eastern Russel's viper) (Daboia russelii siamensis)	84		A8Y7N5;	FUNCTION: Serine protease inhibitor that inhibits plasmin and trypsin. {ECO:0000250|UniProtKB:H6VC06}.	reviewed
A8Y7N6	VKTC3_DABSI	Kunitz-type serine protease inhibitor C3 (BPTI-3) (Trypsin inhibitor 3) (Trypsin inhibitor C3)		Daboia siamensis (Eastern Russel's viper) (Daboia russelii siamensis)	84		A8Y7N6;	FUNCTION: Serine protease inhibitor. {ECO:0000250}.	reviewed
A8Y7N7	VKTC4_DABSI	Kunitz-type serine protease inhibitor C4 (BPTI-4) (Trypsin inhibitor 4) (Trypsin inhibitor C4)		Daboia siamensis (Eastern Russel's viper) (Daboia russelii siamensis)	90		A8Y7N7;	FUNCTION: Serine protease inhibitor. {ECO:0000250}.	reviewed
A8Y7N8	VKTC5_DABSI	Kunitz-type serine protease inhibitor C5 (BPTI-5) (Trypsin inhibitor 5) (Trypsin inhibitor C5)		Daboia siamensis (Eastern Russel's viper) (Daboia russelii siamensis)	90		A8Y7N8;	FUNCTION: Serine protease inhibitor that inhibits trypsin. {ECO:0000250}.	reviewed
A8Y7N9	VKTC6_DABSI	Kunitz-type serine protease inhibitor C6 (BPTI-6) (Trypsin inhibitor 6) (Trypsin inhibitor C6)		Daboia siamensis (Eastern Russel's viper) (Daboia russelii siamensis)	96		A8Y7N9;	FUNCTION: Serine protease inhibitor. {ECO:0000250}.	reviewed
A8Y7P0	VKTB7_DABSI	Kunitz-type serine protease inhibitor 7 (BPTI-7) (Trypsin inhibitor 7) (Trypsin inhibitor B7) (Trypsin inhibitor C7)		Daboia siamensis (Eastern Russel's viper) (Daboia russelii siamensis)	84		A8Y7P0;	FUNCTION: Serine protease inhibitor that inhibits trypsin. {ECO:0000250}.	reviewed
A8Y7P2	VKTB2_DABSI	Kunitz-type serine protease inhibitor B2 (BPTI-2) (Trypsin inhibitor 2) (Trypsin inhibitor B2)		Daboia siamensis (Eastern Russel's viper) (Daboia russelii siamensis)	84		A8Y7P2;	FUNCTION: Serine protease inhibitor that inhibits trypsin. {ECO:0000250}.	reviewed
A8Y7P3	VKTB3_DABSI	Kunitz-type serine protease inhibitor B3 (BPTI-3) (Trypsin inhibitor 3) (Trypsin inhibitor B3)		Daboia siamensis (Eastern Russel's viper) (Daboia russelii siamensis)	84		A8Y7P3;	FUNCTION: Serine protease inhibitor that inhibits plasmin and trypsin. {ECO:0000250|UniProtKB:H6VC06}.	reviewed
A8Y7P4	VKTB4_DABSI	Kunitz-type serine protease inhibitor B4 (BPTI-4) (Trypsin inhibitor 4) (Trypsin inhibitor B4)		Daboia siamensis (Eastern Russel's viper) (Daboia russelii siamensis)	84		A8Y7P4;	FUNCTION: Serine protease inhibitor that inhibits plasmin and trypsin. {ECO:0000250|UniProtKB:H6VC06}.	reviewed
A8Y7P5	VKTB5_DABSI	Kunitz-type serine protease inhibitor B5 (BBPTI-5) (BPTI-5) (Trypsin inhibitor 5) (Trypsin inhibitor B5)		Daboia siamensis (Eastern Russel's viper) (Daboia russelii siamensis)	90		A8Y7P5;	FUNCTION: Serine protease inhibitor. {ECO:0000250}.	reviewed
A8Y7P6	VKTB6_DABSI	Kunitz-type serine protease inhibitor B6 (BPTI-6) (Trypsin inhibitor 6) (Trypsin inhibitor B6)		Daboia siamensis (Eastern Russel's viper) (Daboia russelii siamensis)	84		A8Y7P6;	FUNCTION: Serine protease inhibitor that inhibits trypsin. {ECO:0000250}.	reviewed
P00990	VKT2_DABSI	Kunitz-type serine protease inhibitor 2 (RVV-II) (Venom basic protease inhibitor 2) (Venom basic protease inhibitor II)		Daboia siamensis (Eastern Russel's viper) (Daboia russelii siamensis)	60		P00990;	FUNCTION: Serine protease inhibitor. {ECO:0000269|PubMed:4436285}.	reviewed
P85039	VKTC8_DABSI	Kunitz-type serine protease inhibitor C8 (BPTI-8) (Chymotrypsin inhibitor 8) (Chymotrypsin inhibitor B8) (Chymotrypsin inhibitor C8)		Daboia siamensis (Eastern Russel's viper) (Daboia russelii siamensis)	23		P85039;	FUNCTION: Serine protease inhibitor that inhibits chymotrypsin. {ECO:0000269|Ref.1}.	reviewed
P85040	VKTC9_DABSI	Kunitz-type serine protease inhibitor C9 (BPTI-9) (Chymotrypsin inhibitor 9) (Chymotrypsin inhibitor C9)		Daboia siamensis (Eastern Russel's viper) (Daboia russelii siamensis)	18		P85040;	FUNCTION: Serine protease inhibitor that inhibits chymotrypsin. {ECO:0000269|Ref.1}.	reviewed
Q2ES46	VKT5_DABRR	Kunitz-type serine protease inhibitor 5 (Kunitz protease inhibitor 5) (Kunitz protease inhibitor V)		Daboia russelii (Russel's viper) (Vipera russelii)	96		Q2ES46;	FUNCTION: Serine protease inhibitor. {ECO:0000250}.	reviewed
Q2ES47	VKT4_DABRR	Kunitz-type serine protease inhibitor 4 (Kunitz protease inhibitor 4) (Kunitz protease inhibitor IV)		Daboia russelii (Russel's viper) (Vipera russelii)	84		Q2ES47;	FUNCTION: Serine protease inhibitor. {ECO:0000250}.	reviewed
P85041	VKT10_DABSI	Kunitz-type serine protease inhibitor C10 (BPTI-10) (Trypsin inhibitor 10) (Trypsin inhibitor C10)		Daboia siamensis (Eastern Russel's viper) (Daboia russelii siamensis)	11			FUNCTION: Serine protease inhibitor that inhibits trypsin. {ECO:0000269|Ref.1}.	reviewed
Q2ES48	VKT3_DABRR	Kunitz-type serine protease inhibitor 3 (Kunitz protease inhibitor 3) (Kunitz protease inhibitor III)		Daboia russelii (Russel's viper) (Vipera russelii)	84		Q2ES48;	FUNCTION: Serine protease inhibitor. {ECO:0000250}.	reviewed
Q2ES49	VKT2_DABRR	Kunitz-type serine protease inhibitor 2 (Kunitz protease inhibitor 2) (Kunitz protease inhibitor II)		Daboia russelii (Russel's viper) (Vipera russelii)	84		Q2ES49;	FUNCTION: Serine protease inhibitor. {ECO:0000250}.	reviewed
Q2ES50	VKT1_DABRR	Kunitz-type serine protease inhibitor 1 (Kunitz protease inhibitor 1) (Kunitz protease inhibitor I)		Daboia russelii (Russel's viper) (Vipera russelii)	84		Q2ES50;	FUNCTION: Serine protease inhibitor. {ECO:0000250}.	reviewed
F2Q6F2	F2Q6F2_DABRR	Cysteine-rich venom protein		Daboia russelii (Russel's viper) (Vipera russelii)	239		F2Q6F2;	FUNCTION: Blocks contraction of smooth muscle elicited by high potassium-induced depolarization, but does not block caffeine-stimulated contraction. May target voltage-gated calcium channels in smooth muscle. {ECO:0000256|ARBA:ARBA00058747}.	unreviewed
F2Q6F3	F2Q6F3_DABRR	Cysteine-rich venom protein		Daboia russelii (Russel's viper) (Vipera russelii)	221		F2Q6F3;	FUNCTION: Blocks contraction of smooth muscle elicited by high potassium-induced depolarization, but does not block caffeine-stimulated contraction. May target voltage-gated calcium channels in smooth muscle. {ECO:0000256|ARBA:ARBA00058747}.	unreviewed
A0A223PK22	A0A223PK22_DABRR	Cysteine rich secretory protein		Daboia russelii (Russel's viper) (Vipera russelii)	257				unreviewed
A0A223PK48	A0A223PK48_DABRR	Serotriflin		Daboia russelii (Russel's viper) (Vipera russelii)	239				unreviewed
