date,version,change,by
2026-09-04,v1,Phase 0 setup: toxin/gene table templates created; GEO recon completed and 2 primary + 2 backup datasets locked,
2026-09-22,v1,Phase 1A execution: UniProt combined two-species retrieval (52+28 entries) + supplementary retrieval (24 Kunitz reviewed + 5 CRISP); 75 entries after merge/dedup; 16 fragments <30 aa removed; 90%-identity clustering gave 38 clusters / 59 entries into the library; toxin master table populated,Kimi
2026-09-22,v2,"SVMP replenishment: added russelysin (AAZ39880, GenBank) + 2 disintegrins (A0A2H4Z2X6/Y1); excluded 4 ADAM-like host proteins (non-venom SVMPs); library now 62 entries / 40 clusters; family-level abundance weights back-filled from Tan et al. Sri Lanka proteomics",Kimi
2026-09-22,v3,VenomZone (Tox-Prot criterion cc_tissue_specificity:venom) cross-check: 71 reviewed venom entries vs this library; the only full-length miss P86368 (basic PLA2-3) added; the other 20 differences are all <30 aa short-peptide evidence entries (excluded by design); library now 63 entries / 40 clusters; Phase 2 evidence draft generated in parallel (62 entry annotations + PMIDs),Kimi
2026-09-22,v4,"Phase 1B disease gene set: Open Targets (8 MONDO disease entries, 741 unique genes) + DISEASES curated (complement/ADAMTS13 core 15 genes) + 9 forcibly included by four-axis prior; GeneCards/DisGeNET/OMIM/CTD switched to manual export due to anti-scraping/key requirements (see 02_disease_genes/manual_export_guide.md); total 750, core 456, wide 294; four-axis prior 27/27 in core set",Kimi
2026-09-22,v5,"GeneCards manual export merged (6 queries, 1356 unique genes; per-query median thresholds: TMA 1.39 / aHUS 113.85 / TTP 47.79 / MAHA 107.24 / snakebite 20.40 / VICC 46.30); 1075 new entries; total 1825, core 1037, wide 788",user export + Kimi merge
2026-09-22,v6,"DisGeNET API merged: 16 UMLS CUIs (TMA/TTP/aHUS/HUS and subtypes), score>=0.1 gave 46 unique genes (all already in library, cross-confirming), 2 promoted to core; total 1825, core 1039; note: academic account limited to CURATED sources",Kimi
2026-09-22,v7,"CTD manual export merged (6 queries, disease-whitelist filter terms expanded; direct 80 genes all present / 3 new into core, inferred>=50 added 349, snakebite-query exception added all 13; VICC query not catalogued in CTD (Object not found) recorded as-is; annotations back-filled for 1770 existing genes; total 2190, core 1042, wide 1148)",user export + Kimi merge
2026-09-24,v8,"OMIM API merged (user-provided key; 5 disease queries, 44 entries, phenotype whitelist 14 MIM entries, mappingKey=3 giving 15 unique genes; all 15 already in library as cross-confirmation, 0 new, all into core; snakebite/VICC have no OMIM entries, recorded as-is; total 2190, core 1042, wide 1148)",Kimi
2026-09-24,v9,"Phase 2 target edge table: L2 literature 49 edges (43 structured from UniProt curation + PubMed corroboration for Daboxin P/RVVA-PLA2-I/daborhagin/SPAD-1, 15 unique targets) + L4 STRING first-shell neighbors 398 edges (15 targets x Top10, score>=0.7, 105 unique nodes); all four core families have >=3 L2 edges, passing QC; 10/15 L2 targets fall in the disease core set; L1 CTD/T3DB pending manual export, L3 BLAST postponed; total 447 edges",Kimi
2026-09-24,v10,Phase 3 intersection and topology: L2 targets 15 intersect disease core 1042 = strict core 10 (COL4A1/F10/F11/F5/FGA/GP1BA/KDR/PLG/PROC/PROS1); extension layer 54 (+STRING neighbors intersect core); PPI 0.7/0.4 dual thresholds exported; Hub = three-list intersection 10 (F2/F3/F5/F7/F8/F10/FGA/PLG/PROC/ALB); QC: ADAMTS13/C3/VCAM1 recorded honestly as non-direct-target layer; Figure 2a/2b produced,Kimi
2026-09-24,v11,"Phase 4 enrichment: g:Profiler (116 significant) + Enrichr (202) dual platforms; 9 themes jointly significant on both (complement & coagulation cascades / platelet activation / three fibrin-clot pathways / hemostasis / platelet degranulation / gamma-carboxylation); prior table: hsa04610 and hsa04611 significant on both platforms, ECM-receptor/FA single-platform, PI3K-Akt/NF-kB/fluid-shear not significant; H2 key point: all 11 driver genes of hsa04610 are on the coagulation arm, 0 on the complement arm — complement hypothesis deferred to the GEO layer; Figure 3 produced",Kimi
2026-09-24,v12,"GEO transcriptomic validation: GSE121297 (human HUVEC x snaclec, 3v3, GPL570 22454 genes, g:Profiler API annotation) + GSE248215 (mouse muscle x D. russelii, 24h vs PBS, NanoString 760 genes); no adj<0.05 DEG after BH (small samples; nominal-p exploratory interpretation per preset plan); Axis 4 strongly supported across species (SELE +6.2 / VCAM1 +4.6 / ICAM1 +3.0; HMOX1 +3.1 / IL6 +2.1 / SERPINE1 +2.1); Axis 3 complement only CFB/CFH trends — H2 downgraded to possible bypass involvement; Figure 4a/4b/4c produced",Kimi
2026-09-24,v13,"Phase 5A structure preparation: 8 toxin structures (5 PDB: 2E3X/3S9C/1KPM/2H4C/1WQ9 + 3 AlphaFold: B8K1W0/Q38L02/H6VC06, mean pLDDT 84-89) + 8 host structures (7KVE/2W26/3GHG/1M10/3V2A/1QRZ/1PPB, all experimental); all 7 docking pairs correspond to L2 score=1.0 edges; 3S9C and 1M10 serve as docking-free direct structural evidence; local docking infeasible -> HADDOCK/ClusPro/HDock web submission guide prepared; 16 prepared files ready",Kimi
2026-09-28,v14,"Phase 5C small-molecule docking running locally: Vina 1.2.7 exe + meeko 0.8.0 (pip-installed rdkit/gemmi); 3 PubChem ligands (batimastat/marimastat/varespladib); 3 receptors (2E3X chain A with catalytic Zn / daborhaginK AF + modeled Zn / 1KPM); 9 docking groups completed; batimastat and marimastat x SVMP (crystal) -7.64/-7.53 with top-pose Zn chelation 2.2 Å confirmed, varespladib x PLA2 -7.84 confirmed; daborhagin-K AF arm not chelated, judged not adoptable; report at 08_smallmol/smallmolecule_docking_report.md",Kimi
2026-09-28,v15,"Figure 5 small-molecule tri-panel completed: PyMOL 3.1.6.1 rendered batimastat x RVV-X / marimastat x RVV-X (hydroxamate-Zn chelation red dashes + His145/149/155 labels) + varespladib x PLA2 (polar contacts His48/Asp49), 300 dpi assembly fig5_smallmol_3panel.png; fixed a scene-PDB ligand coordinate-column misalignment bug and verified by read-back (2.29/2.24 Å); scripts and scenes stored in 08_smallmol/figure/",Kimi
2026-09-28,v16,"Phase 5B ClusPro line completed: all 7 Balanced pairs returned, Top1 cluster members P1=92/P2=99/P3=119/P4=64/P5=109/P6=84/P7=190 (all 6 valid pairs >=30, meeting the criterion); measured interface coverage: P7 reproduces the 3V2A crystal interface 26/26 (strongest), P6 triad 2/3, P2 cleavage site 3/6, P1 N-terminus inaccessible due to Ile16 insertion (cluster holds), P3 outside the proxy site (alphaC domain outside the structure); P4 receptor mistakenly submitted as GP1BA-VWF complex, needs single-chain rerun; docking_results.csv and Phase5_report.md created",Kimi
2026-09-30,v17,"P4 ClusPro rerun completed: with receptor switched to single-chain H_GP1BA_1M10_A.pdb, Top1 cluster has 59 members (Center -688.3); interface caps VWF-binding-region core residues 549/550/571/572, supporting a competitive-inhibition mechanism — 7/7 all meet the criterion; HADDOCK/HDock result back-filling in progress",Kimi
2026-09-30,v18,"Phase 5B HADDOCK/HDock back-fill completed: HADDOCK 4 pairs cluster1_1 measured interfaces — P2 both criteria met (score -144.9+/-4.4 / Z-1.4 / cleavage site 6/6, closest restraint 1.97 Å); P1/P3/P6 scores below the <=-100 line but functional-site orientations established (N-terminal 16-21 5/6, FGA195-200 5/6, catalytic triad 3/3, restraint distances 1.8-7.8 Å); HDock P7 confidence 0.8969 (high), R-chain superposition RMSD=0.000, 3V2A interface 21/26, dual-platform corroboration with ClusPro 26/26; docking_results.csv, Phase5_report.md (sec.3) and docking-results sheet synchronized — Phase 5B protein-protein docking fully completed",Kimi
2026-09-30,v19,"Figure 5 protein-protein docking four-panel completed: PyMOL rendered A=P7 svVEGFxVEGFR2 (HDock pose superposed with VEGF-A template 3V2A, interface highlighted yellow 21/26), B=P2 RVV-VgxFV (HADDOCK -144.9 both criteria met, cleavage region 1543-1548 + catalytic His42/Ser195), C=P6 Kunitzxplasmin (triad 603/646/741 + reactive loop 38-42), D=P4 snaclecxGP1BA (ClusPro 59-member cluster, VWF-site core 549/550/571/572); 300 dpi assembly fig5_protein_4panel.png; pitfall log: ClusPro/HDock output PDBs with multiple HEADERs get split into multiple objects by PyMOL — pure-ATOM scene files must be generated first; Chinese paths unusable in .pml — use relative paths",Kimi
2026-09-30,v20,"Figure 4 four-layer heterogeneous network assets completed (SOP Phase 2 main figure): 30 nodes (7 docking-validated toxins + 12 literature direct targets + 6 enriched pathways + 5 TMA phenotypes) x 49 edges (14 direct interactions score=1 + 20 pathway memberships + 11 mechanism inferences + 4 phenotype progressions); L1->L2 takes only direct literature evidence, L2->L3 takes enrichment intersection, L3->L4 mechanism inferences drawn dashed; outputs 04_network/cytoscape/{figure4_hetero_network.cyjs (with layered coordinates), nodes.csv, edges.csv, Cytoscape_import_style_guide.md, figure4_preview.png} + generator script build_figure4_network.py; Phase 3 report leftovers updated; awaiting user to open cyjs in Cytoscape 3.10 GUI and export SVG",Kimi
2026-09-30,v21,"Phase 7 manuscript draft completed: 09_manuscript draft docx (Chinese IMRaD internal-review version, 138 blocks / 9 figures / 8 tables, ~19k words); incorporated key points from the guide on improving acceptance of pure-computational network-toxicology studies — AOP framework mapping (Table 7 MIE->KE->AO), network robustness/perturbation analysis (04_network/robustness_analysis.py: targeted 50% removal LCC=0.241 vs random 0.460+/-0.022, figure3c_robustness.png), multi-toxin synergy = natural mixed-exposure joint-toxicity narrative (4.4), antidote repurposing as an independent section (3.7/4.5), Limitations including a note on metabolism-activation non-applicability; AI toxicity prediction / knowledge graph / MD-MMGBSA declined and listed as future work; remaining manual items: Cytoscape export of Figure 2 SVG, Figure 1 workflow, Figure 7 mechanism diagram, author info, English submission version. PRISMA check: 63 toxins / 2190 genes consistent with the draft",Kimi
2026-09-30,v22,"Figure 2 four-layer network finalized: Cytoscape imports of cyjs/cx both fell into the table-import dialog (local JSON reader not effective); switched to XGMML (generated by build_xgmml.py, coordinates/colors/shapes/Hub borders embedded) which imported successfully; numeric verification of the exported SVG all passed (30 nodes / 49 edges; 7 red / 12 blue / 6 green / 9 purple nodes; edges 14 solid direct + 20 gray member + 11 dashed mechanism + 4 purple dotted progression); postprocess_svg.py post-processing added arrows and dashes, all 15 geometry checks correct (arrowheads all point to the correct L4 nodes); produced final Figure4_4layer_network_final.svg; draft docx status updated in sync",Kimi
2026-09-30,v23,"Figure 1 workflow and Figure 7 AOP mechanism diagram completed (make_fig1_fig7.py, PNG 300 dpi + SVG): Fig1 five-layer pipeline (data sources -> libraries -> network -> validation -> AOP integration) embedded in Methods 2.1; Fig7 three-column AOP (MIE 7 toxins x 6 targets -> KE1/2/3 + complement gray dashed -> AO triad + leak) embedded in Discussion 4.3; draft docx rebuilt, appendix Fig1/Fig7 status updated — of the planned Figures 1-7 only Figure 6 MD remains (optional, listed as future work)",Kimi
2026-09-30,v24,"Phase 5C (optional enhancement) MD preparation package completed: 08_md/{prep_md_inputs.py, MD_SOP.md, mdp/ (five parameter templates ions/minim/npt/nvt/md + mmpbsa.in), input/ four starting structures}; starting structures pure-ATOM-ized + chains normalized (P4 ClusPro all-chain-A relabeled by TER blocks as A=GP1BA/B=snaclec; P2 contains the FV B-domain-missing gap intrinsic to the crystal construct; P7 chain R has two small missing loops); SOP includes three routes: A cloud GPU (recommended, <CNY200), B local WSL2 (20-core CPU, days), C lightweight alternative (iMODS NMA + PRODIGY, same-day in browser); suggested order P7->P4->P2; draft Figure 6 still listed as future work, awaiting MD result back-fill",Kimi
2026-09-30,v25,"Route C (iMODS+PRODIGY) materials ready: 08_md/prep_prodigy.py generated 7 pairs of normalized PDBs into 08_md/prodigy/ (ClusPro multi-subunit chains correctly split at original chain-ID boundaries — P1 target=A,B / toxin=C,D,E; P3 target=A,B,C / toxin=D; P5 target=A,B / toxin=C; P7 toxin=B,C / target=A; all verified by residue ranges); chain_map.txt chain-ownership reference; Route C operation checklist for iMODS_PRODIGY (step-by-step screenshot guide + interpretation benchmarks + back-fill table); result directories results_PRODIGY/ and results_iMODS/ created; awaiting user value back-fill into Results 3.6",Kimi
2026-09-30,v26,"Route C results back-filled: PRODIGY 7 pairs dG -9.2 to -15.2 kcal/mol (P6 anchor deviation 2.6, credible); iMODS lambda1 and interface/rest mobility ratios 0.52-0.88 all <1 (rigid interface); summary table 08_md/imods_prodigy_summary.csv; Figure 6 (fig6_nma_prodigy.png/.svg) embedded into draft 3.6 with appendix/limitations/methods 2.7 updated",Kimi
2026-09-30,v27,"PDF full-read check: 8 TOC page numbers corrected and re-verified all consistent (Abstract 1 / Introduction 2 / Methods 3 / Results 7 / Discussion 16 / Conclusion 19 / Appendix 20 / References 21); Tables 1-7 numbering order correct; found figure numbering grouped by content rather than order of appearance (Fig 2b after Fig 3a/3b, Fig 6 between Fig 5a/5b) — pending decision on renumbering by appearance order; PDF 21 pages total, render QC shows no blanks/overflow/missing figures",Kimi
2026-09-30,v28,"Figure numbers reordered by in-text appearance: Fig 2a->2, 3a->3, 3b->4, 2b->5, 5a->6, 6->7, 5b->8, 4a/b->9, 4c->10, 3c->11, 7->12; in-text citations / captions / appendix mapping synchronized; docx+PDF rebuilt and re-verified: Figures 1-12 strictly increasing with none missing, TOC page numbers 8/8 consistent, 21 pages total",Kimi
2026-09-30,v29,"Full figure/table visual QC (21 pages page-by-page + key regions at full resolution): (1) Fig 2 Venn top-right label ""disease gene core set n=1042"" overlapped the in-figure title (source figure2a_venn.png); (2) Fig 6 panel B cleavage-site red residue labels stacked on each other, unreadable (fig5_protein_4panel.png PyMOL render); (3) embedded titles in Figs 2/3/4/9/10/12 still used old numbering (Figure 2a/2b/3/4a/4b/4c/7), inconsistent with new captions; all other figures 1/4/5/7/8/11 and Tables 1-7/appendix tables have no overlap or occlusion",Kimi
2026-09-30,v30,"Figure/table repairs: (1) Fig 1 row labels shifted right (0.32->0.55) to fix edge-hugging; (2) Fig 2 Venn redrawn: title simplified to Figure 2 and moved up, right-side label moved down, overlap eliminated; (3) Fig 6 panel B changed to PyMOL label-free rendering + PIL leader-line annotation (ARG1545/HIS42/SER195 staggered in the left column, white-edged black text without occlusion; note pml does not support Chinese comments); (4) embedded titles on 6 figures unified to new numbering (Figure 2/3/4/9a/9b/10/12); all redraw scripts rerun (fixed seeds, layouts unchanged), assets synced to assets/, docx+PDF rebuilt and verified (21 pages)",Kimi
2026-09-30,v31,"Fig 2 Venn modified per user annotation: green intersection region changed to a precise purple-and-blue geometric lens (large circle clipped by small-circle clip_path), in-figure green gene-list text deleted (COL4A1...PROS1 row), the 10 label moved into the lens center; docx+PDF rebuilt and verified (21 pages)",Kimi
2026-09-30,v32,"Fig 3 PPI changed to concentric three-ring circular layout (shell_layout: inner ring Hub-and-core / middle ring Hub extension + strict core / outer ring neighbor layer), nodes enlarged with gene names inside circles, legend changed to fixed small dots; docx+PDF rebuilt and verified",Kimi
2026-09-30,v33,Fig 4 enrichment bubble chart: intersection-gene-count legend moved outside the axes to upper right (previous position occluded the Top1 bubble); four-axis legend changed to fixed Line2D small dots placed in the empty lower-right inside the axes; figure width increased to 11.2 in with right margin reserved; Fig 3 caption text trimmed to avoid cross-page orphan lines; docx+PDF rebuilt and verified,Kimi
2026-09-30,v34,"Target journal set to Chemico-Biological Interactions (subscription, no APC); English submission docx generated (abstract 242 words <=250 compliant, 6 keywords, numbered references, Declarations including GenAI statement) + Highlights_CBI.txt (5 items all <=85 characters); author/affiliation/funding info and in-figure Chinese-label translation deferred to pre-submission",Kimi
2026-09-30,v35,"All 12 figures translated to English: 4 originally English figures reused directly (Figs 1/6/7/12), 7 redrawn by scripts (fig_en/ directory, Figs 2/3/4/5/9/10/11), Fig 8 PIL patch replacing the Chinese table header; EN docx rebuilt with assets_en + PDF exported, page-by-page visual inspection passed",Kimi
2026-09-30,v36,"Fig 1 ""Multi-layer validation"" group label overlapped the top border of the orange validation box: label moved up 0.15 units (y+1.06->y+1.21), figure1_workflow redrawn and synced to assets_en, EN docx+PDF rebuilt and verified",Kimi
2026-09-30,v37,"Fig 12 (AOP mechanism diagram) complement secondary dashed arrow diagonally crossing the KE3 box: removed the redundant dashed line (9.2,1.25)->(11.83,3.35); the retained one now goes from the right edge of the complement box (10.57,0.85) directly to the Capillary leak box (11.83,3.35); redrawn and synced to assets_en, EN docx+PDF rebuilt and verified",Kimi
2026-09-30,v38,"References completed: [16] confirmed as Tan NH et al., J Proteomics 128 (2015) 403-423 (PMID 26342672, functional venomics of Sri Lankan Russell's viper, source of abundance weights); former [17] PMID placeholders expanded into [17]-[26], ten complete Elsevier-format references (all verified via PubMed esummary, with DOIs); full text now 24 pages",Kimi
2026-09-30,v39,"Archive security sanitization: dual scans confirmed the two API keys were never written to local files; generated the release copy data_management_table_public.xlsx; absolute paths in 21 scripts all changed to Path(__file__) relative anchoring (scripts/04_network use parents[1], 07_docking subdirectories use parent, fig_en uses parents[2]); all passed py_compile and smoke tests; archive guide steps 1/2 marked done",Kimi
2026-09-30,v40,"GitHub/Zenodo upload content fully translated to English: 17 Chinese md reports/tutorials translated (English filenames); CJK column names and values in CSV/xlsx/JSON translated (incl. all 11 sheets of the public data-management copy and the full change log); CJK comments/strings in 28 scripts translated, all passing py_compile; both PRISMA figures redrawn in English (redraw_prisma.py rerun + new redraw_prisma_toxin.py); Figure 4 cyjs/cx/xgmml rebuilt from the English scripts; upload-list filenames synced; the Chinese originals under source directory snakebite_TMA/ are kept unchanged",Kimi
2026-10-02,v41,Staging for release v1.0.1: 140 files synced to the upload directory after the full English translation pass (v40),Kimi
2026-10-02,v42,"Pre-submission methodological review corrections completed: P4 docking pair retracted (receptor chain misidentified: 1M10 chain A = VWF-A1, not GP1BA); P1/P6 downgraded to supportive evidence; pre-registered wording replaced by documented analysis plan plus a protocol-deviation table; GEO method honestly named as Welch t-tests in Python with BH correction (not limma); references renumbered to 51 numbered entries (7 new ones verified via Europe PMC); tables de-rated (checkmarks/stars removed); Fig. 6 panel D blanked, Fig. 7 panels A/B redrawn without P4/Ki dashed lines, Fig. 9 volcano plots regenerated, Fig. 11 robustness curve corrected (k = 0 origin, 50% = 27/54 nodes); revised manuscript docx + 29-page PDF rebuilt",Kimi
2026-10-02,v43,"GEO pipeline standardised to the fully reproducible fixed-probe rule (one probe per gene = highest mean across the six contrast samples; multi-symbol probes counted per symbol): GSE121297 now 22,453 genes (earlier archived 21,183-gene run kept locally as _archived21183.csv; log2FC and raw P identical for shared genes, conclusion unchanged); VCAM1/ICAM1 BH-adjusted P updated to 0.76/0.68 in the manuscript; geo_v41_reanalysis.py and robustness_analysis_v41.py rebuilt and verified value-by-value against the archived results; v41 figure assets (Fig. 6/7/9/11) and both official GEO CSVs synced to the staging directory; GEO_validation_report.md method note corrected; README citation block, Zenodo DOIs (code+results concept DOI 10.5281/zenodo.23065792; release v1.0.2 = 10.5281/zenodo.23097132; large-files dataset 10.5281/zenodo.23087108) and reproduction table updated; after release v1.0.2 was published and the Zenodo-GitHub integration minted 10.5281/zenodo.23097132, the manuscript Data availability statement was updated to the released state and the README code-archive DOI was corrected from the v1.0.1 version DOI (23065998) to the concept DOI (23065792)",Kimi
