source,native,name,p_value,term_size,intersection_size,intersections
REAC,REAC:R-HSA-140877,Formation of Fibrin Clot (Clotting Cascade),9.722009316534541e-23,39,11,F2;F3;F5;F7;F8;F10;FGA;PROC;F11;GP1BA;PROS1
GO:BP,GO:0007596,blood coagulation,2.338898040556824e-18,241,12,F2;F3;F5;F7;F8;F10;FGA;PLG;PROC;F11;GP1BA;PROS1
GO:BP,GO:0050817,coagulation,3.007700178674637e-18,246,12,F2;F3;F5;F7;F8;F10;FGA;PLG;PROC;F11;GP1BA;PROS1
GO:BP,GO:0007599,hemostasis,3.3211413663312857e-18,248,12,F2;F3;F5;F7;F8;F10;FGA;PLG;PROC;F11;GP1BA;PROS1
KEGG,KEGG:04610,Complement and coagulation cascades,3.897151842627456e-18,86,11,F2;F3;F5;F7;F8;F10;FGA;PLG;PROC;F11;PROS1
GO:BP,GO:0042060,wound healing,1.6529338649648045e-17,439,13,F2;F3;F5;F7;F8;F10;FGA;PLG;PROC;F11;GP1BA;KDR;PROS1
GO:BP,GO:0030193,regulation of blood coagulation,1.480480154224338e-16,68,9,F2;F3;F7;FGA;PLG;PROC;F11;GP1BA;PROS1
GO:BP,GO:1900046,regulation of hemostasis,1.9527395253741761e-16,70,9,F2;F3;F7;FGA;PLG;PROC;F11;GP1BA;PROS1
GO:BP,GO:0050818,regulation of coagulation,4.2711736068965613e-16,76,9,F2;F3;F7;FGA;PLG;PROC;F11;GP1BA;PROS1
GO:BP,GO:0050878,regulation of body fluid levels,4.954164456142404e-16,374,12,F2;F3;F5;F7;F8;F10;FGA;PLG;PROC;F11;GP1BA;PROS1
GO:BP,GO:0009611,response to wounding,5.075453201625843e-16,570,13,F2;F3;F5;F7;F8;F10;FGA;PLG;PROC;F11;GP1BA;KDR;PROS1
GO:BP,GO:0061041,regulation of wound healing,6.060022938881648e-14,129,9,F2;F3;F7;FGA;PLG;PROC;F11;GP1BA;PROS1
REAC,REAC:R-HSA-140875,Common Pathway of Fibrin Clot Formation,8.769244944049353e-14,22,7,F2;F5;F8;F10;FGA;PROC;PROS1
REAC,REAC:R-HSA-140837,Intrinsic Pathway of Fibrin Clot Formation,1.259779487786583e-13,23,7,F2;F8;F10;PROC;F11;GP1BA;PROS1
GO:BP,GO:1903034,regulation of response to wounding,5.240243926609401e-13,163,9,F2;F3;F7;FGA;PLG;PROC;F11;GP1BA;PROS1
GO:BP,GO:0030195,negative regulation of blood coagulation,2.3570997005930004e-12,50,7,F2;FGA;PLG;PROC;F11;GP1BA;PROS1
GO:BP,GO:1900047,negative regulation of hemostasis,2.7311791599069136e-12,51,7,F2;FGA;PLG;PROC;F11;GP1BA;PROS1
GO:BP,GO:0050819,negative regulation of coagulation,4.173679921529737e-12,54,7,F2;FGA;PLG;PROC;F11;GP1BA;PROS1
REAC,REAC:R-HSA-109582,Hemostasis,4.434317889276065e-12,675,13,F2;F3;F5;F7;F8;F10;FGA;PLG;PROC;ALB;F11;GP1BA;PROS1
GO:BP,GO:0042730,fibrinolysis,1.638111503795133e-11,27,6,F2;FGA;PLG;F11;GP1BA;PROS1
GO:CC,GO:0005788,endoplasmic reticulum lumen,1.6530724641652264e-11,322,9,F2;F5;F7;F8;F10;FGA;PROC;ALB;COL4A1
GO:BP,GO:0061045,negative regulation of wound healing,3.1163382829377126e-11,71,7,F2;FGA;PLG;PROC;F11;GP1BA;PROS1
REAC,REAC:R-HSA-159763,Transport of gamma-carboxylated protein precursors from the endoplasmic reticulum to the Golgi apparatus,8.847846334965364e-11,9,5,F2;F7;F10;PROC;PROS1
REAC,REAC:R-HSA-159782,Removal of aminoterminal propeptides from gamma-carboxylated proteins,1.7682345720729042e-10,10,5,F2;F7;F10;PROC;PROS1
REAC,REAC:R-HSA-159740,Gamma-carboxylation of protein precursors,1.7682345720729042e-10,10,5,F2;F7;F10;PROC;PROS1
GO:BP,GO:1903035,negative regulation of response to wounding,2.3801718199814433e-10,94,7,F2;FGA;PLG;PROC;F11;GP1BA;PROS1
REAC,REAC:R-HSA-159854,"Gamma-carboxylation, transport, and amino-terminal cleavage of proteins",3.2393181501598326e-10,11,5,F2;F7;F10;PROC;PROS1
GO:CC,GO:0031093,platelet alpha granule lumen,4.1033434050201645e-10,67,6,F5;F8;FGA;PLG;ALB;PROS1
GO:CC,GO:0005576,extracellular region,2.3583179929577006e-09,4249,15,F2;F3;F5;F7;F8;F10;FGA;PLG;PROC;ALB;COL4A1;F11;GP1BA;KDR;PROS1
GO:CC,GO:0031091,platelet alpha granule,2.9064718833650724e-09,92,6,F5;F8;FGA;PLG;ALB;PROS1
REAC,REAC:R-HSA-9651496,Defects of contact activation system (CAS) and kallikrein/kinin system (KKS),3.0510929876668766e-09,16,5,F2;F8;F10;F11;GP1BA
GO:CC,GO:0005615,extracellular space,3.754370102135633e-09,3252,14,F2;F3;F5;F7;F8;F10;FGA;PLG;PROC;ALB;COL4A1;F11;GP1BA;PROS1
GO:CC,GO:0005796,Golgi lumen,6.5299716860119495e-09,105,6,F2;F7;F8;F10;PROC;PROS1
GO:MF,GO:0004252,serine-type endopeptidase activity,7.692501045262894e-09,184,7,F2;F3;F7;F10;PLG;PROC;F11
REAC,REAC:R-HSA-9671793,Diseases of hemostasis,8.10390475377395e-09,19,5,F2;F8;F10;F11;GP1BA
GO:MF,GO:0008236,serine-type peptidase activity,1.4335976039505991e-08,201,7,F2;F3;F7;F10;PLG;PROC;F11
GO:MF,GO:0017171,serine hydrolase activity,1.6467587422049882e-08,205,7,F2;F3;F7;F10;PLG;PROC;F11
GO:BP,GO:0065008,regulation of biological quality,2.108358773419829e-08,2963,14,F2;F3;F5;F7;F8;F10;FGA;PLG;PROC;ALB;F11;GP1BA;KDR;PROS1
REAC,REAC:R-HSA-163841,"Gamma carboxylation, hypusinylation, hydroxylation, and arylsulfatase activation",3.0725161319754376e-08,60,6,F2;F7;F8;F10;PROC;PROS1
REAC,REAC:R-HSA-9668250,Defective factor IX causes hemophilia B,8.881094638565196e-08,9,4,F8;F10;F11;GP1BA
REAC,REAC:R-HSA-76002,"Platelet activation, signaling and aggregation",1.467243466819481e-07,259,8,F2;F5;F8;FGA;PLG;ALB;GP1BA;PROS1
GO:BP,GO:0032101,regulation of response to external stimulus,4.377919777872899e-07,1092,10,F2;F3;F7;FGA;PLG;PROC;F11;GP1BA;KDR;PROS1
GO:CC,GO:0009897,external side of plasma membrane,4.408055845158109e-07,397,7,F2;F3;F10;FGA;PLG;GP1BA;KDR
GO:CC,GO:0005783,endoplasmic reticulum,7.812254350032101e-07,2119,11,F2;F5;F7;F8;F10;FGA;PROC;ALB;COL4A1;KDR;PROS1
GO:BP,GO:0006950,response to stress,1.2713073252944767e-06,3984,14,F2;F3;F5;F7;F8;F10;FGA;PLG;PROC;ALB;F11;GP1BA;KDR;PROS1
GO:MF,GO:0004175,endopeptidase activity,1.7423170567555338e-06,400,7,F2;F3;F7;F10;PLG;PROC;F11
REAC,REAC:R-HSA-381426,Regulation of Insulin-like Growth Factor (IGF) transport and uptake by Insulin-like Growth Factor Binding Proteins (IGFBPs),2.620105880967613e-06,124,6,F2;F5;FGA;PLG;PROC;ALB
REAC,REAC:R-HSA-114608,Platelet degranulation ,2.8857581433491875e-06,126,6,F5;F8;FGA;PLG;ALB;PROS1
GO:BP,GO:1900048,positive regulation of hemostasis,3.301601734217524e-06,26,4,F2;F3;F7;PLG
GO:BP,GO:0030194,positive regulation of blood coagulation,3.301601734217524e-06,26,4,F2;F3;F7;PLG
GO:CC,GO:0072562,blood microparticle,3.4297136352040367e-06,138,5,F2;FGA;PLG;ALB;PROS1
REAC,REAC:R-HSA-76005,Response to elevated platelet cytosolic Ca2+,3.648946242010617e-06,131,6,F5;F8;FGA;PLG;ALB;PROS1
GO:BP,GO:0032102,negative regulation of response to external stimulus,5.724249734701847e-06,393,7,F2;FGA;PLG;PROC;F11;GP1BA;PROS1
GO:CC,GO:0034774,secretory granule lumen,5.762672969224396e-06,324,6,F5;F8;FGA;PLG;ALB;PROS1
GO:BP,GO:0050820,positive regulation of coagulation,6.042041341432699e-06,30,4,F2;F3;F7;PLG
GO:CC,GO:0060205,cytoplasmic vesicle lumen,6.310649436571259e-06,329,6,F5;F8;FGA;PLG;ALB;PROS1
GO:CC,GO:0031983,vesicle lumen,6.425251222219064e-06,330,6,F5;F8;FGA;PLG;ALB;PROS1
REAC,REAC:R-HSA-140834,Extrinsic Pathway of Fibrin Clot Formation,6.5075447836548025e-06,5,3,F3;F7;F10
REAC,REAC:R-HSA-9662001,Defective factor VIII causes hemophilia A,2.273932840521632e-05,7,3,F2;F8;F10
GO:CC,GO:0098552,side of membrane,2.9104374395424695e-05,731,7,F2;F3;F10;FGA;PLG;GP1BA;KDR
GO:BP,GO:0006508,proteolysis,2.9186141248287983e-05,801,8,F2;F3;F7;F10;FGA;PLG;PROC;F11
GO:MF,GO:0008233,peptidase activity,3.811233179912043e-05,627,7,F2;F3;F7;F10;PLG;PROC;F11
GO:BP,GO:0090303,positive regulation of wound healing,0.0001135656786032,61,4,F2;F3;F7;PLG
GO:CC,GO:0009986,cell surface,0.000122370184703,904,7,F2;F3;F10;FGA;PLG;GP1BA;KDR
GO:BP,GO:0080134,regulation of response to stress,0.0001244652984211,1410,9,F2;F3;F7;FGA;PLG;PROC;F11;GP1BA;PROS1
GO:BP,GO:1903036,positive regulation of response to wounding,0.0001767051371547,68,4,F2;F3;F7;PLG
GO:BP,GO:0072378,"blood coagulation, fibrin clot formation",0.000216898119041,16,3,F8;FGA;GP1BA
GO:BP,GO:0051917,regulation of fibrinolysis,0.0002632632310356,17,3,F2;PLG;F11
GO:BP,GO:0072376,protein activation cascade,0.0004407849340364,20,3,F8;FGA;GP1BA
GO:CC,GO:0012505,endomembrane system,0.0004801841539359,4949,12,F2;F5;F7;F8;F10;FGA;PLG;PROC;ALB;COL4A1;KDR;PROS1
GO:CC,GO:0071944,cell periphery,0.0005750023699668,6263,13,F2;F3;F5;F7;F8;F10;FGA;PLG;COL4A1;F11;GP1BA;KDR;PROS1
GO:CC,GO:0005794,Golgi apparatus,0.00058750190095,1680,8,F2;F7;F8;F10;PROC;ALB;KDR;PROS1
GO:CC,GO:0031982,vesicle,0.000652110555067,4032,11,F2;F5;F7;F8;FGA;PLG;ALB;F11;GP1BA;KDR;PROS1
GO:BP,GO:0050927,positive regulation of positive chemotaxis,0.000887395765236,25,3,F3;F7;KDR
GO:BP,GO:0009605,response to external stimulus,0.0009636960475404,2427,10,F2;F3;F7;FGA;PLG;PROC;F11;GP1BA;KDR;PROS1
GO:BP,GO:0050926,regulation of positive chemotaxis,0.001002712395258,26,3,F3;F7;KDR
GO:BP,GO:0051604,protein maturation,0.0013736746046715,530,6,F3;F7;F8;FGA;F11;GP1BA
REAC,REAC:R-HSA-9672391,Defective F8 cleavage by thrombin,0.0016614276936272,3,2,F2;F8
REAC,REAC:R-HSA-9673202,Defective F9 variant does not activate FX,0.0016614276936272,3,2,F8;F10
REAC,REAC:R-HSA-9672396,Defective cofactor function of FVIIIa variant,0.0016614276936272,3,2,F8;F10
REAC,REAC:R-HSA-9672383,Defective factor IX causes thrombophilia,0.0016614276936272,3,2,F8;F10
GO:CC,GO:0030141,secretory granule,0.0023085658750278,906,6,F5;F8;FGA;PLG;ALB;PROS1
GO:MF,GO:0005507,copper ion binding,0.0030325197475483,60,3,F5;F8;ALB
REAC,REAC:R-HSA-8957275,Post-translational protein phosphorylation,0.0033637126118697,107,4,F5;FGA;PROC;ALB
GO:CC,GO:0005886,plasma membrane,0.003442028322648,5906,12,F2;F3;F5;F7;F8;F10;FGA;PLG;F11;GP1BA;KDR;PROS1
GO:CC,GO:1903561,extracellular vesicle,0.0035689856386095,2141,8,F2;F5;FGA;PLG;ALB;F11;GP1BA;PROS1
GO:CC,GO:0043230,extracellular organelle,0.0035812732226197,2142,8,F2;F5;FGA;PLG;ALB;F11;GP1BA;PROS1
GO:CC,GO:0065010,extracellular membrane-bounded organelle,0.0035812732226197,2142,8,F2;F5;FGA;PLG;ALB;F11;GP1BA;PROS1
GO:BP,GO:0051919,positive regulation of fibrinolysis,0.0037665081724946,4,2,PLG;F11
GO:BP,GO:0050896,response to stimulus,0.004387035075431,9051,15,F2;F3;F5;F7;F8;F10;FGA;PLG;PROC;ALB;COL4A1;F11;GP1BA;KDR;PROS1
REAC,REAC:R-HSA-76009,Platelet Aggregation (Plug Formation),0.0053441114927199,38,3,F2;FGA;GP1BA
GO:BP,GO:0032501,multicellular organismal process,0.0054282190784161,7337,14,F2;F3;F5;F7;F8;F10;FGA;PLG;PROC;COL4A1;F11;GP1BA;KDR;PROS1
GO:BP,GO:0051239,regulation of multicellular organismal process,0.0054997857694035,2923,10,F2;F3;F7;FGA;PLG;PROC;F11;GP1BA;KDR;PROS1
GO:BP,GO:0051241,negative regulation of multicellular organismal process,0.0059244852807059,1091,7,F2;FGA;PLG;PROC;F11;GP1BA;PROS1
GO:BP,GO:0032571,response to vitamin K,0.006274919277242,5,2,F5;F7
GO:CC,GO:0099503,secretory vesicle,0.0063698844208555,1084,6,F5;F8;FGA;PLG;ALB;PROS1
GO:BP,GO:1902533,positive regulation of intracellular signal transduction,0.0065647154525069,1108,7,F2;F3;F7;F10;FGA;KDR;PROS1
REAC,REAC:R-HSA-9673221,Defective F9 activation,0.0082876158295622,6,2,F11;GP1BA
REAC,REAC:R-HSA-597592,Post-translational protein modification,0.008743411598365,1453,9,F2;F5;F7;F8;F10;FGA;PROC;ALB;PROS1
GO:BP,GO:0048583,regulation of response to stimulus,0.0098661975068095,3993,11,F2;F3;F7;F10;FGA;PLG;PROC;F11;GP1BA;KDR;PROS1
GO:BP,GO:2000351,regulation of endothelial cell apoptotic process,0.0099925290241572,55,3,F3;FGA;KDR
GO:CC,GO:1905286,serine-type peptidase complex,0.011118696873013,20,2,F3;F7
GO:BP,GO:0072577,endothelial cell apoptotic process,0.0130059378878477,60,3,F3;FGA;KDR
GO:BP,GO:0010641,positive regulation of platelet-derived growth factor receptor signaling pathway,0.0131664412533983,7,2,F3;F7
GO:BP,GO:0007597,"blood coagulation, intrinsic pathway",0.017548000192198,8,2,F8;GP1BA
GO:BP,GO:0016485,protein processing,0.0176561379790072,215,4,F3;F7;FGA;F11
REAC,REAC:R-HSA-392499,Metabolism of proteins,0.0196218071287273,2066,10,F2;F5;F7;F8;F10;FGA;PLG;PROC;ALB;PROS1
GO:BP,GO:0050918,positive chemotaxis,0.0216204064160195,71,3,F3;F7;KDR
GO:BP,GO:0032008,positive regulation of TOR signaling,0.0275997132339714,77,3,F3;F7;F10
GO:MF,GO:0140096,"catalytic activity, acting on a protein",0.0287080079174737,2365,8,F2;F3;F7;F10;PLG;PROC;F11;KDR
GO:BP,GO:0019538,protein metabolic process,0.0306739887322352,4467,11,F2;F3;F7;F8;F10;FGA;PLG;PROC;F11;GP1BA;KDR
GO:CC,GO:0070062,extracellular exosome,0.0313976141078784,2111,7,F2;FGA;PLG;ALB;F11;GP1BA;PROS1
GO:MF,GO:0005509,calcium ion binding,0.0342348363416738,718,5,F2;F7;F10;PROC;PROS1
GO:BP,GO:0030335,positive regulation of cell migration,0.0367235036027635,544,5,F3;F7;F10;PLG;KDR
GO:BP,GO:0051918,negative regulation of fibrinolysis,0.0412948141633435,12,2,F2;PLG
GO:BP,GO:2000147,positive regulation of cell motility,0.0463204036982764,571,5,F3;F7;F10;PLG;KDR
