lib,rank,term,p_value,adj_p,overlap,genes
KEGG_2021_Human,1,Complement and coagulation cascades,5.6072570941920056e-24,1.6261045573156813e-22,739.9358108108108,F7;FGA;F8;PROC;F10;PROS1;F11;PLG;F2;F3;F5
KEGG_2021_Human,2,Platelet activation,0.0001002270972221,0.0014532929097215,41.04132231404959,FGA;GP1BA;F2
KEGG_2021_Human,3,ECM-receptor interaction,0.0019362723227191,0.0180585487127602,35.597495527728086,COL4A1;GP1BA
KEGG_2021_Human,4,AGE-RAGE signaling pathway in diabetic complications,0.0024908343052083,0.0180585487127602,31.21978021978022,COL4A1;F3
KEGG_2021_Human,5,Neutrophil extracellular trap formation,0.0086023891435701,0.0467973379349636,16.287947346770878,FGA;GP1BA
KEGG_2021_Human,6,Focal adhesion,0.0096822078486131,0.0467973379349636,15.296482412060302,COL4A1;KDR
Reactome_2022,1,Formation Of Fibrin Clot (Clotting Cascade) R-HSA-140877,3.879892133348876e-19,5.5094468293554025e-17,786.4433497536946,F7;FGA;F8;PROC;PROS1;GP1BA;F3;F5
Reactome_2022,2,Hemostasis R-HSA-109582,9.584619742841683e-13,6.805080017417594e-11,68.61837455830388,F7;FGA;F8;PROC;PROS1;ALB;PLG;GP1BA;F3;F5
Reactome_2022,3,Common Pathway Of Fibrin Clot Formation R-HSA-140875,2.9450729261844287e-12,1.3940011850606295e-10,587.2941176470588,FGA;F8;PROC;PROS1;F5
Reactome_2022,4,Platelet Degranulation R-HSA-114608,2.5236287343151277e-10,7.578568094239699e-09,111.29411764705884,FGA;F8;PROS1;ALB;PLG;F5
Reactome_2022,5,"Platelet Activation, Signaling And Aggregation R-HSA-76002",2.8944662145026755e-10,7.578568094239699e-09,69.92206477732793,FGA;F8;PROS1;ALB;PLG;GP1BA;F5
Reactome_2022,6,Response To Elevated Platelet Cytosolic Ca2+ R-HSA-76005,3.2022118708055064e-10,7.578568094239699e-09,106.77956989247312,FGA;F8;PROS1;ALB;PLG;F5
Reactome_2022,7,Intrinsic Pathway Of Fibrin Clot Formation R-HSA-140837,1.2164113818768586e-09,2.4675773746644848e-08,427.1229946524064,F8;PROC;PROS1;GP1BA
Reactome_2022,8,"Gamma Carboxylation, Hypusine Formation And Arylsulfatase Activation R-HSA-163841",2.2540767181100566e-08,3.6557889732895524e-07,190.8803827751196,F7;F8;PROC;PROS1
Reactome_2022,9,Regulation Of IGF Transport And Uptake By IGFBPs R-HSA-381426,2.317049349268026e-08,3.6557889732895524e-07,84.1822033898305,FGA;PROC;ALB;PLG;F5
Reactome_2022,10,Transport Of Gamma-Carboxylated Protein Precursors From Endoplasmic Reticulum To Golgi Apparatus R-HSA-159763,2.858784929836032e-08,4.059474600367165e-07,832.4583333333334,F7;PROC;PROS1
Reactome_2022,11,Removal Of Aminoterminal Propeptides From Gamma-Carboxylated Proteins R-HSA-159782,4.0821640684781646e-08,4.830560814365828e-07,713.5,F7;PROC;PROS1
Reactome_2022,12,Gamma-carboxylation Of Protein Precursors R-HSA-159740,4.0821640684781646e-08,4.830560814365828e-07,713.5,F7;PROC;PROS1
Reactome_2022,13,"Gamma-carboxylation, Transport, And Amino-Terminal Cleavage Of Proteins R-HSA-159854",5.6104777884129884e-08,6.128368045804956e-07,624.28125,F7;PROC;PROS1
Reactome_2022,14,Post-translational Protein Phosphorylation R-HSA-8957275,9.72627108311022e-07,9.865217812868935e-06,70.88413547237077,FGA;PROC;ALB;F5
Reactome_2022,15,Extrinsic Pathway Of Fibrin Clot Formation R-HSA-140834,5.243069539504879e-06,4.963439164064618e-05,1024.7179487179487,F7;F3
Reactome_2022,16,Defective Factor IX Causes Hemophilia B R-HSA-9668250,1.4661684218577713e-05,0.0001267992905312,512.2820512820513,F8;GP1BA
Reactome_2022,17,Integrin Cell Surface Interactions R-HSA-216083,1.5180196753745926e-05,0.0001267992905312,79.05555555555556,FGA;COL4A1;KDR
Reactome_2022,18,Metabolism Of Proteins R-HSA-392499,2.194912722151536e-05,0.0001731542258586,10.993168361925004,F7;FGA;F8;PROC;PROS1;ALB;PLG;F5
Reactome_2022,19,Post-translational Protein Modification R-HSA-597592,2.9234975696300817e-05,0.0002184929762565,11.833484738372093,F7;FGA;F8;PROC;PROS1;ALB;F5
Reactome_2022,20,Extracellular Matrix Organization R-HSA-1474244,5.28027234758497e-05,0.000370657061244,24.957871396895783,FGA;COL4A1;KDR;PLG
Reactome_2022,21,Defects Of Contact Activation System (CAS) And Kallikrein/Kinin System (KKS) R-HSA-9651496,5.481548088819789e-05,0.000370657061244,236.3550295857988,F8;GP1BA
Reactome_2022,22,Cargo Concentration In ER R-HSA-5694530,0.0002570408417511,0.0016590817967572,102.33333333333331,F8;F5
Reactome_2022,23,Platelet Aggregation (Plug Formation) R-HSA-76009,0.0003259186256199,0.0020121932538272,90.27601809954751,FGA;GP1BA
Reactome_2022,24,Signaling By Receptor Tyrosine Kinases R-HSA-9006934,0.0004103971792907,0.0024043127628757,14.407243163340723,COL4A1;KDR;PLG;F3
Reactome_2022,25,Binding And Uptake Of Ligands By Scavenger Receptors R-HSA-2173782,0.0004232945005062,0.0024043127628757,78.68244575936883,COL4A1;ALB
Reactome_2022,26,Signaling By PDGF R-HSA-186797,0.0006812468428374,0.0037206558339583,61.33846153846154,COL4A1;PLG
Reactome_2022,27,Vesicle-mediated Transport R-HSA-5653656,0.0010512533981075,0.0055288141678249,11.117047249748673,F8;COL4A1;ALB;F5
Reactome_2022,28,COPII-mediated Vesicle Transport R-HSA-204005,0.0010953593235033,0.0055550365691956,47.88701923076923,F8;F5
Reactome_2022,29,Diseases Of Signal Transduction By Growth Factor Receptors And Second Messengers R-HSA-5663202,0.0035606685439355,0.0171531285780384,11.617577197149645,FGA;PROC;KDR
Reactome_2022,30,Signaling By Membrane-Tethered Fusions Of PDGFRA Or PDGFRB R-HSA-9673768,0.0037446970839379,0.0171531285780384,356.80357142857144,KDR
Reactome_2022,31,Defective F9 Activation R-HSA-9673221,0.0037446970839379,0.0171531285780384,356.80357142857144,GP1BA
Reactome_2022,32,ER To Golgi Anterograde Transport R-HSA-199977,0.0043544810389847,0.0190131416381128,23.31650029359953,F8;F5
Reactome_2022,33,Cell Surface Interactions At Vascular Wall R-HSA-202733,0.0044185470004065,0.0190131416381128,23.13869463869464,PROC;PROS1
Reactome_2022,34,Defective HLCS Causes Multiple Carboxylase Deficiency R-HSA-3371599,0.0052389168941443,0.0212550342562427,237.8452380952381,PROC
Reactome_2022,35,Defective Factor VIII Causes Hemophilia A R-HSA-9662001,0.0052389168941443,0.0212550342562427,237.8452380952381,F8
Reactome_2022,36,Defects In Biotin (Btn) Metabolism R-HSA-3323169,0.0059852428364459,0.0229703914263599,203.8571428571429,PROC
Reactome_2022,37,VEGF Binds To VEGFR Leading To Receptor Dimerization R-HSA-195399,0.0059852428364459,0.0229703914263599,203.8571428571429,KDR
Reactome_2022,38,Signal Transduction R-HSA-162582,0.0064722864322449,0.0238202295256076,4.751525010166734,FGA;PROC;COL4A1;KDR;PLG;F3
Reactome_2022,39,Transport To Golgi And Subsequent Modification R-HSA-948021,0.0065421757147795,0.0238202295256076,18.825261158594493,F8;F5
Reactome_2022,40,GP1b-IX-V Activation Signaling R-HSA-430116,0.0067310464938694,0.0238952150532365,178.36607142857142,GP1BA
Reactome_2022,41,Disease R-HSA-1643685,0.007016535485845,0.0243011716826829,5.272674754477181,FGA;F8;PROC;KDR;GP1BA
Reactome_2022,42,HDL Remodeling R-HSA-8964058,0.0074763281564485,0.0252771094813261,158.53968253968253,ALB
Reactome_2022,43,Biotin Transport And Metabolism R-HSA-196780,0.0082210881236714,0.0271487096177057,142.67857142857142,PROC
Reactome_2022,44,Platelet Adhesion To Exposed Collagen R-HSA-75892,0.0089653267055102,0.0282905864929436,129.7012987012987,GP1BA
Reactome_2022,45,Scavenging Of Heme From Plasma R-HSA-2168880,0.0089653267055102,0.0282905864929436,129.7012987012987,ALB
Reactome_2022,46,Dissolution Of Fibrin Clot R-HSA-75205,0.0097090442156726,0.0299713973614242,118.88690476190476,PLG
Reactome_2022,47,APC Truncation Mutants Have Impaired AXIN Binding R-HSA-5467337,0.0104522409709381,0.0309212128723585,109.73626373626374,PROC
Reactome_2022,48,Heme Biosynthesis R-HSA-189451,0.0104522409709381,0.0309212128723585,109.73626373626374,ALB
Reactome_2022,49,p130Cas Linkage To MAPK Signaling For Integrins R-HSA-372708,0.0111949172924613,0.0311701618731276,101.89285714285714,FGA
Reactome_2022,50,GRB2:SOS Provides Linkage To MAPK Signaling For Integrins R-HSA-354194,0.0111949172924613,0.0311701618731276,101.89285714285714,FGA
Reactome_2022,51,CTNNB1 S33 Mutants Not Phosphorylated R-HSA-5358747,0.0111949172924613,0.0311701618731276,101.89285714285714,PROC
Reactome_2022,52,Heme Degradation R-HSA-189483,0.0119370735063595,0.0325973930365973,95.0952380952381,ALB
Reactome_2022,53,Beta-catenin Phosphorylation Cascade R-HSA-196299,0.012678709933633,0.0328554382849491,89.14732142857143,PROC
Reactome_2022,54,MyD88 Deficiency (TLR2/4) R-HSA-5602498,0.012678709933633,0.0328554382849491,89.14732142857143,FGA
Reactome_2022,55,Recycling Of Bile Acids And Salts R-HSA-159418,0.01341982690512,0.0328554382849491,83.89915966386555,ALB
Reactome_2022,56,Regulation Of TLR By Endogenous Ligand R-HSA-5686938,0.01341982690512,0.0328554382849491,83.89915966386555,FGA
Reactome_2022,57,IRAK4 Deficiency (TLR2/4) R-HSA-5603041,0.01341982690512,0.0328554382849491,83.89915966386555,FGA
Reactome_2022,58,VEGFR2 Mediated Cell Proliferation R-HSA-5218921,0.01341982690512,0.0328554382849491,83.89915966386555,KDR
Reactome_2022,59,Scavenging By Class A Receptors R-HSA-3000480,0.0141604247470607,0.0335130052347104,79.23412698412699,COL4A1
Reactome_2022,60,Signaling By PDGFR In Disease R-HSA-9671555,0.0141604247470607,0.0335130052347104,79.23412698412699,KDR
Reactome_2022,61,Defects In Vitamin And Cofactor Metabolism R-HSA-3296482,0.0156400643604775,0.03640801867521,71.30357142857143,PROC
Reactome_2022,62,Asparagine N-linked Glycosylation R-HSA-446203,0.0184298690068663,0.0422103451447585,10.826923076923077,F8;F5
Reactome_2022,63,"BMAL1:CLOCK,NPAS2 Activates Circadian Gene Expression R-HSA-1368108",0.020066558464378,0.0445226765928388,54.832417582417584,F7
Reactome_2022,64,Integrin Signaling R-HSA-354192,0.020066558464378,0.0445226765928388,54.832417582417584,FGA
Reactome_2022,65,Metabolism Of Porphyrins R-HSA-189445,0.0208024990214188,0.0454454594006381,52.7989417989418,ALB
Reactome_2022,66,Disassembly Of Destruction Complex And Recruitment Of AXIN To Membrane R-HSA-4641262,0.0215379237658092,0.0463391693143168,50.910714285714285,PROC
Reactome_2022,67,Diseases Associated With TLR Signaling Cascade R-HSA-5602358,0.0230072271319287,0.0482690960302408,47.51190476190476,FGA
Reactome_2022,68,Gluconeogenesis R-HSA-70263,0.0237411064214928,0.0482690960302408,45.97695852534562,PROC
Reactome_2022,69,Signaling By High-Kinase Activity BRAF Mutants R-HSA-6802948,0.024474471226601,0.0482690960302408,44.53794642857143,FGA
Reactome_2022,70,Activation Of Matrix Metalloproteinases R-HSA-1592389,0.024474471226601,0.0482690960302408,44.53794642857143,PLG
Reactome_2022,71,Plasma Lipoprotein Remodeling R-HSA-8963899,0.024474471226601,0.0482690960302408,44.53794642857143,ALB
Reactome_2022,72,Signaling By WNT In Cancer R-HSA-4791275,0.024474471226601,0.0482690960302408,44.53794642857143,PROC
GO_Biological_Process_2023,1,Negative Regulation Of Blood Coagulation (GO:0030195),3.313451663084347e-14,8.383032707603398e-12,554.4722222222222,FGA;PROC;F11;PLG;GP1BA;F2
GO_Biological_Process_2023,2,Fibrinolysis (GO:0042730),1.009997142005014e-10,1.2776463846363429e-08,908.0454545454544,FGA;GP1BA;PLG;F2
GO_Biological_Process_2023,3,Regulation Of Coagulation (GO:0050818),4.0821640684781646e-08,3.442625031083252e-06,713.5,PROC;GP1BA;F2
GO_Biological_Process_2023,4,Protein Activation Cascade (GO:0072376),1.236049975217575e-07,6.254412874600929e-06,453.95454545454544,FGA;F8;GP1BA
GO_Biological_Process_2023,5,"Blood Coagulation, Fibrin Clot Formation (GO:0072378)",1.236049975217575e-07,6.254412874600929e-06,453.95454545454544,FGA;F8;GP1BA
GO_Biological_Process_2023,6,Regulation Of Fibrinolysis (GO:0051917),1.89991599585238e-07,8.011312449177535e-06,384.0769230769231,F11;PLG;F2
GO_Biological_Process_2023,7,Regulation Of Blood Coagulation (GO:0030193),1.232491854927866e-06,4.454577704239288e-05,191.91346153846155,PROC;GP1BA;F2
GO_Biological_Process_2023,8,"Blood Coagulation, Intrinsic Pathway (GO:0007597)",1.1000996562012004e-05,0.0003092502366876,614.7692307692307,F8;GP1BA
GO_Biological_Process_2023,9,Regulation Of Positive Chemotaxis (GO:0050926),1.1000996562012004e-05,0.0003092502366876,614.7692307692307,F7;KDR
GO_Biological_Process_2023,10,Plasminogen Activation (GO:0031639),1.4661684218577713e-05,0.00037094061073,512.2820512820513,FGA;F11
GO_Biological_Process_2023,11,Negative Regulation Of Fibrinolysis (GO:0051918),2.8762512286659284e-05,0.0006615377825931,341.47008547008545,PLG;F2
GO_Biological_Process_2023,12,Positive Regulation Of Positive Chemotaxis (GO:0050927),6.261919708622724e-05,0.0013202214052346,219.46153846153845,F7;KDR
GO_Biological_Process_2023,13,Positive Regulation Of Blood Coagulation (GO:0030194),0.0001093469500257,0.0021280598735775,161.66801619433198,PLG;F2
GO_Biological_Process_2023,14,Negative Regulation Of Endothelial Cell Apoptotic Process (GO:2000352),0.0001688617886462,0.0030515737519637,127.9551282051282,FGA;KDR
GO_Biological_Process_2023,15,Regulation Of Platelet Activation (GO:0010543),0.0001962293655457,0.0033097352988709,118.10059171597634,GP1BA;F2
GO_Biological_Process_2023,16,Platelet Aggregation (GO:0070527),0.0003079452853975,0.0048693848253483,93.01631701631702,FGA;GP1BA
GO_Biological_Process_2023,17,Negative Regulation Of Epithelial Cell Apoptotic Process (GO:1904036),0.0003633691227089,0.0053810985721906,85.25213675213675,FGA;KDR
GO_Biological_Process_2023,18,Retina Homeostasis (GO:0001895),0.0003828449577052,0.0053810985721906,82.94386694386695,ALB;F3
GO_Biological_Process_2023,19,Branching Morphogenesis Of An Epithelial Tube (GO:0048754),0.0004442668898982,0.0056325764941184,76.71153846153847,COL4A1;KDR
GO_Biological_Process_2023,20,Regulation Of Endothelial Cell Apoptotic Process (GO:2000351),0.0004657368135271,0.0056325764941184,74.83677298311444,FGA;KDR
GO_Biological_Process_2023,21,Positive Regulation Of Chemotaxis (GO:0050921),0.0004877036135867,0.0056325764941184,73.05128205128206,F7;KDR
GO_Biological_Process_2023,22,Zymogen Activation (GO:0031638),0.0005101666330676,0.0056325764941184,71.34883720930233,FGA;F11
GO_Biological_Process_2023,23,Homotypic Cell-Cell Adhesion (GO:0034109),0.0005331252155032,0.0056325764941184,69.72377622377623,FGA;GP1BA
GO_Biological_Process_2023,24,Positive Regulation Of Cell Motility (GO:2000147),0.0005489956177091,0.0056325764941184,22.66857798165137,F7;F10;KDR
GO_Biological_Process_2023,25,Regulation Of Wound Healing (GO:0061041),0.0005565787049524,0.0056325764941184,68.17094017094017,GP1BA;F2
GO_Biological_Process_2023,26,Antibacterial Humoral Response (GO:0019731),0.0006049677843536,0.0058868019015951,65.26350245499182,FGA;F3
GO_Biological_Process_2023,27,Blood Vessel Morphogenesis (GO:0048514),0.0007076560338338,0.0066309991318504,60.13273001508296,COL4A1;KDR
GO_Biological_Process_2023,28,Positive Regulation Of Cell Migration (GO:0030335),0.0010028136488024,0.0090611376123937,18.323420074349443,F7;F10;KDR
GO_Biological_Process_2023,29,Proteolysis (GO:0006508),0.0017479674859103,0.0152495094460453,15.029051987767584,F7;PROC;PLG
GO_Biological_Process_2023,30,Positive Regulation Of Protein Kinase B Signaling (GO:0051897),0.0021592141358512,0.0182093725456786,33.633136094674555,F7;F10
GO_Biological_Process_2023,31,Antimicrobial Humoral Response (GO:0019730),0.0024908343052083,0.0203284219102485,31.21978021978022,F2;F3
GO_Biological_Process_2023,32,Negative Regulation Of Programmed Cell Death (GO:0043069),0.0026320628010675,0.0206269611709106,12.967592592592592,PROC;ALB;KDR
GO_Biological_Process_2023,33,Positive Regulation Of Kinase Activity (GO:0033674),0.0026904731962057,0.0206269611709106,29.9894419306184,KDR;F2
GO_Biological_Process_2023,34,Cellular Response To Iron Ion (GO:0071281),0.0037446970839379,0.0246642542879307,356.80357142857144,F3
GO_Biological_Process_2023,35,Vascular Endothelial Growth Factor Receptor-2 Signaling Pathway (GO:0036324),0.0037446970839379,0.0246642542879307,356.80357142857144,KDR
GO_Biological_Process_2023,36,Induction Of Bacterial Agglutination (GO:0043152),0.0037446970839379,0.0246642542879307,356.80357142857144,FGA
GO_Biological_Process_2023,37,Positive Regulation Of Endothelial Cell Development (GO:1901552),0.0037446970839379,0.0246642542879307,356.80357142857144,PROC
GO_Biological_Process_2023,38,Positive Regulation Of Establishment Of Endothelial Barrier (GO:1903142),0.0037446970839379,0.0246642542879307,356.80357142857144,PROC
GO_Biological_Process_2023,39,Regulation Of Cell Migration (GO:0030334),0.003801999672843,0.0246642542879307,11.342227378190255,F7;F10;KDR
GO_Biological_Process_2023,40,Regulation Of Response To External Stimulus (GO:0032101),0.0039793479428169,0.0251693757383172,24.443076923076923,GP1BA;F2
GO_Biological_Process_2023,41,Positive Regulation Of Membrane Depolarization (GO:1904181),0.0044920683932145,0.0261509810805473,285.42857142857144,KDR
GO_Biological_Process_2023,42,Vascular Wound Healing (GO:0061042),0.0044920683932145,0.0261509810805473,285.42857142857144,KDR
GO_Biological_Process_2023,43,Cytolysis By Host Of Symbiont Cells (GO:0051838),0.0044920683932145,0.0261509810805473,285.42857142857144,F2
GO_Biological_Process_2023,44,Regulation Of Protein Kinase B Signaling (GO:0051896),0.0045479967096604,0.0261509810805473,22.791044776119403,F7;F10
GO_Biological_Process_2023,45,Negative Regulation Of Apoptotic Process (GO:0043066),0.0050999225732571,0.028672898022979,10.180584551148224,PROC;ALB;KDR
GO_Biological_Process_2023,46,Positive Regulation Of Cell Migration By Vascular Endothelial Growth Factor Signaling Pathway (GO:0038089),0.0052389168941443,0.0288140429177938,237.8452380952381,KDR
GO_Biological_Process_2023,47,Positive Regulation Of Response To External Stimulus (GO:0032103),0.0058645211069789,0.0315472174504336,19.941679235796883,PLG;F2
GO_Biological_Process_2023,48,Negative Regulation Of Glial Cell Differentiation (GO:0045686),0.0059852428364459,0.0315472174504336,203.8571428571429,F2
GO_Biological_Process_2023,49,Positive Regulation Of Intracellular Signal Transduction (GO:1902533),0.006466667795337,0.0319011452800672,9.321360153256704,F7;F10;KDR
GO_Biological_Process_2023,50,Positive Regulation Of Platelet Activation (GO:0010572),0.0067310464938694,0.0319011452800672,178.36607142857142,GP1BA
GO_Biological_Process_2023,51,Positive Regulation Of Vasculogenesis (GO:2001214),0.0067310464938694,0.0319011452800672,178.36607142857142,KDR
GO_Biological_Process_2023,52,Negative Regulation Of Cell-Cell Adhesion Mediated By Cadherin (GO:2000048),0.0067310464938694,0.0319011452800672,178.36607142857142,PLG
GO_Biological_Process_2023,53,Negative Regulation Of Hemostasis (GO:1900047),0.0074763281564485,0.0319011452800672,158.53968253968253,PROC
GO_Biological_Process_2023,54,Megakaryocyte Development (GO:0035855),0.0074763281564485,0.0319011452800672,158.53968253968253,GP1BA
GO_Biological_Process_2023,55,Positive Regulation Of Nitric-Oxide Synthase Biosynthetic Process (GO:0051770),0.0074763281564485,0.0319011452800672,158.53968253968253,KDR
GO_Biological_Process_2023,56,Regulation Of Mitochondrial Depolarization (GO:0051900),0.0074763281564485,0.0319011452800672,158.53968253968253,KDR
GO_Biological_Process_2023,57,Angiogenesis Involved In Wound Healing (GO:0060055),0.0074763281564485,0.0319011452800672,158.53968253968253,KDR
GO_Biological_Process_2023,58,Basement Membrane Organization (GO:0071711),0.0074763281564485,0.0319011452800672,158.53968253968253,COL4A1
GO_Biological_Process_2023,59,Extracellular Matrix Organization (GO:0030198),0.0074987586085135,0.0319011452800672,17.51635720601238,COL4A1;PLG
GO_Biological_Process_2023,60,Positive Regulation Of ERK1 And ERK2 Cascade (GO:0070374),0.0077472708863843,0.0319011452800672,17.216862233811387,FGA;KDR
GO_Biological_Process_2023,61,Positive Regulation Of Hemostasis (GO:1900048),0.0082210881236714,0.0319011452800672,142.67857142857142,F2
GO_Biological_Process_2023,62,Regulation Of Lipid Kinase Activity (GO:0043550),0.0082210881236714,0.0319011452800672,142.67857142857142,F2
GO_Biological_Process_2023,63,Regulation Of Astrocyte Differentiation (GO:0048710),0.0082210881236714,0.0319011452800672,142.67857142857142,F2
GO_Biological_Process_2023,64,Positive Regulation Of Coagulation (GO:0050820),0.0082210881236714,0.0319011452800672,142.67857142857142,F2
GO_Biological_Process_2023,65,Response To Iron Ion (GO:0010039),0.0089653267055102,0.0319011452800672,129.7012987012987,F3
GO_Biological_Process_2023,66,Positive Regulation Of Vasoconstriction (GO:0045907),0.0089653267055102,0.0319011452800672,129.7012987012987,FGA
GO_Biological_Process_2023,67,Negative Regulation Of Coagulation (GO:0050819),0.0089653267055102,0.0319011452800672,129.7012987012987,PROC
GO_Biological_Process_2023,68,Endothelium Development (GO:0003158),0.0089653267055102,0.0319011452800672,129.7012987012987,KDR
GO_Biological_Process_2023,69,Regulation Of Platelet-Derived Growth Factor Receptor Signaling Pathway (GO:0010640),0.0089653267055102,0.0319011452800672,129.7012987012987,F7
GO_Biological_Process_2023,70,Peptidyl-Tyrosine Autophosphorylation (GO:0038083),0.0097090442156726,0.0319011452800672,118.88690476190476,KDR
GO_Biological_Process_2023,71,Regulation Of Vasculogenesis (GO:2001212),0.0097090442156726,0.0319011452800672,118.88690476190476,KDR
GO_Biological_Process_2023,72,Killing By Host Of Symbiont Cells (GO:0051873),0.0097090442156726,0.0319011452800672,118.88690476190476,F2
GO_Biological_Process_2023,73,Regulation Of Nitric-Oxide Synthase Biosynthetic Process (GO:0051769),0.0097090442156726,0.0319011452800672,118.88690476190476,KDR
GO_Biological_Process_2023,74,Negative Regulation Of Cell Activation (GO:0050866),0.0097090442156726,0.0319011452800672,118.88690476190476,F2
GO_Biological_Process_2023,75,Embryonic Hemopoiesis (GO:0035162),0.0097090442156726,0.0319011452800672,118.88690476190476,KDR
GO_Biological_Process_2023,76,Branching Involved In Blood Vessel Morphogenesis (GO:0001569),0.0097090442156726,0.0319011452800672,118.88690476190476,KDR
GO_Biological_Process_2023,77,Endothelial Cell Differentiation (GO:0045446),0.0097090442156726,0.0319011452800672,118.88690476190476,KDR
GO_Biological_Process_2023,78,Positive Regulation Of Heterotypic Cell-Cell Adhesion (GO:0034116),0.0104522409709381,0.0330552120705917,109.73626373626374,FGA
GO_Biological_Process_2023,79,Vascular Endothelial Growth Factor Signaling Pathway (GO:0038084),0.0104522409709381,0.0330552120705917,109.73626373626374,KDR
GO_Biological_Process_2023,80,Positive Regulation Of Endothelial Cell Chemotaxis (GO:2001028),0.0104522409709381,0.0330552120705917,109.73626373626374,KDR
GO_Biological_Process_2023,81,Negative Regulation Of Platelet Activation (GO:0010544),0.0111949172924613,0.0341242659637676,101.89285714285714,F2
GO_Biological_Process_2023,82,Positive Regulation Of Cell Activation (GO:0050867),0.0111949172924613,0.0341242659637676,101.89285714285714,GP1BA
GO_Biological_Process_2023,83,Positive Regulation Of Collagen Biosynthetic Process (GO:0032967),0.0111949172924613,0.0341242659637676,101.89285714285714,F2
GO_Biological_Process_2023,84,Regulation Of Establishment Of Endothelial Barrier (GO:1903140),0.0119370735063595,0.0349365071737283,95.0952380952381,PROC
GO_Biological_Process_2023,85,Positive Regulation Of Cell Migration Involved In Sprouting Angiogenesis (GO:0090050),0.0119370735063595,0.0349365071737283,95.0952380952381,KDR
GO_Biological_Process_2023,86,Positive Regulation Of Collagen Metabolic Process (GO:0010714),0.0119370735063595,0.0349365071737283,95.0952380952381,F2
GO_Biological_Process_2023,87,Positive Regulation Of Protein Modification Process (GO:0031401),0.0120137396210053,0.0349365071737283,13.633666781648843,KDR;F2
GO_Biological_Process_2023,88,Positive Regulation Of Phosphorylation (GO:0042327),0.0126317244455617,0.0352496001451556,13.27242190124286,KDR;F2
GO_Biological_Process_2023,89,Cell Migration Involved In Sprouting Angiogenesis (GO:0002042),0.012678709933633,0.0352496001451556,89.14732142857143,KDR
GO_Biological_Process_2023,90,Megakaryocyte Differentiation (GO:0030219),0.012678709933633,0.0352496001451556,89.14732142857143,GP1BA
GO_Biological_Process_2023,91,Regulation Of Leukocyte Chemotaxis (GO:0002688),0.012678709933633,0.0352496001451556,89.14732142857143,F7
GO_Biological_Process_2023,92,Regulation Of Collagen Biosynthetic Process (GO:0032965),0.01341982690512,0.0357391179683724,83.89915966386555,F2
GO_Biological_Process_2023,93,Positive Regulation Of G Protein-Coupled Receptor Signaling Pathway (GO:0045745),0.01341982690512,0.0357391179683724,83.89915966386555,F2
GO_Biological_Process_2023,94,Regulation Of Cell-Cell Adhesion Mediated By Cadherin (GO:2000047),0.01341982690512,0.0357391179683724,83.89915966386555,PLG
GO_Biological_Process_2023,95,Positive Regulation Of Focal Adhesion Assembly (GO:0051894),0.01341982690512,0.0357391179683724,83.89915966386555,KDR
GO_Biological_Process_2023,96,Regulation Of ERK1 And ERK2 Cascade (GO:0070372),0.0140178751924774,0.0365570149082283,12.551176096630645,FGA;KDR
GO_Biological_Process_2023,97,Positive Regulation Of Hormone Secretion (GO:0046887),0.0141604247470607,0.0365570149082283,79.23412698412699,FGA
GO_Biological_Process_2023,98,Positive Regulation Of Mitochondrial Fission (GO:0090141),0.0141604247470607,0.0365570149082283,79.23412698412699,KDR
GO_Biological_Process_2023,99,Regulation Of Apoptotic Process (GO:0042981),0.0144557622760848,0.036942503594439,6.8671652421652425,PROC;ALB;KDR
GO_Biological_Process_2023,100,Calcium-Mediated Signaling Using Intracellular Calcium Source (GO:0035584),0.0149005037888985,0.0373250243424885,75.06015037593986,KDR
GO_Biological_Process_2023,101,Negative Regulation Of Cytokine Production Involved In Inflammatory Response (GO:1900016),0.0149005037888985,0.0373250243424885,75.06015037593986,F2
GO_Biological_Process_2023,102,Blood Vessel Endothelial Cell Migration (GO:0043534),0.0163791067947741,0.0402609670316409,67.9047619047619,KDR
GO_Biological_Process_2023,103,Regulation Of Protein Phosphorylation (GO:0001932),0.016390828475332,0.0402609670316409,11.536706639368235,KDR;F2
GO_Biological_Process_2023,104,Negative Regulation Of Extrinsic Apoptotic Signaling Pathway Via Death Domain Receptors (GO:1902042),0.0171176314186799,0.0410679687000442,64.81493506493507,FGA
GO_Biological_Process_2023,105,Positive Regulation Of Cell-Substrate Junction Organization (GO:0150117),0.0171176314186799,0.0410679687000442,64.81493506493507,KDR
GO_Biological_Process_2023,106,Protein Kinase B Signaling (GO:0043491),0.0178556385652366,0.0410679687000442,61.993788819875775,KDR
GO_Biological_Process_2023,107,ERK1 And ERK2 Cascade (GO:0070371),0.0178556385652366,0.0410679687000442,61.993788819875775,KDR
GO_Biological_Process_2023,108,Positive Regulation Of Lipid Metabolic Process (GO:0045834),0.0178556385652366,0.0410679687000442,61.993788819875775,F2
GO_Biological_Process_2023,109,Regulation Of Heterotypic Cell-Cell Adhesion (GO:0034114),0.0178556385652366,0.0410679687000442,61.993788819875775,FGA
GO_Biological_Process_2023,110,Iron Ion Transport (GO:0006826),0.0178556385652366,0.0410679687000442,61.993788819875775,F3
GO_Biological_Process_2023,111,Regulation Of Vasoconstriction (GO:0019229),0.0193301017548387,0.044058700396164,57.02857142857143,FGA
GO_Biological_Process_2023,112,Myeloid Cell Development (GO:0061515),0.020066558464378,0.0449277813405986,54.832417582417584,GP1BA
GO_Biological_Process_2023,113,Regulation Of Mitochondrial Fission (GO:0090140),0.020066558464378,0.0449277813405986,54.832417582417584,KDR
GO_Biological_Process_2023,114,Vascular Endothelial Growth Factor Receptor Signaling Pathway (GO:0048010),0.0208024990214188,0.0457654978471215,52.7989417989418,KDR
GO_Biological_Process_2023,115,Negative Regulation Of Wound Healing (GO:0061045),0.0208024990214188,0.0457654978471215,52.7989417989418,PROC
GO_Biological_Process_2023,116,Positive Regulation Of MAPK Cascade (GO:0043410),0.0220112459999045,0.0477544640269999,9.828671328671328,FGA;KDR
GO_Biological_Process_2023,117,Positive Regulation Of Lipid Kinase Activity (GO:0090218),0.0222728330244505,0.0477544640269999,49.15270935960592,F2
GO_Biological_Process_2023,118,Regulation Of Cell Migration Involved In Sprouting Angiogenesis (GO:0090049),0.0222728330244505,0.0477544640269999,49.15270935960592,KDR
GO_Biological_Process_2023,119,Positive Regulation Of Leukocyte Migration (GO:0002687),0.0230072271319287,0.0485069038698164,47.51190476190476,F7
GO_Biological_Process_2023,120,Regulation Of Extrinsic Apoptotic Signaling Pathway Via Death Domain Receptors (GO:1902041),0.0230072271319287,0.0485069038698164,47.51190476190476,FGA
GO_Biological_Process_2023,121,Transition Metal Ion Transport (GO:0000041),0.0237411064214928,0.0496404952449395,45.97695852534562,F3
GO_Biological_Process_2023,122,Epithelial Tube Morphogenesis (GO:0060562),0.024474471226601,0.0499358162929843,44.53794642857143,COL4A1
GO_Biological_Process_2023,123,Vasculogenesis (GO:0001570),0.024474471226601,0.0499358162929843,44.53794642857143,KDR
GO_Biological_Process_2023,124,Positive Regulation Of Release Of Sequestered Calcium Ion Into Cytosol (GO:0051281),0.024474471226601,0.0499358162929843,44.53794642857143,F2
