node1	node2	score
CFTR	PROC	0.413
CFTR	SRC	0.416
CFTR	ITGB2	0.455
CFTR	MTHFR	0.494
CFTR	ALB	0.502
CFTR	FLNA	0.957
PROCR	PLG	0.446
PROCR	ITGA2B	0.474
PROCR	F8	0.507
PROCR	SELP	0.535
PROCR	PLAT	0.578
PROCR	SERPINE1	0.592
PROCR	VWF	0.596
PROCR	SERPINC1	0.702
PROCR	F3	0.704
PROCR	F2	0.819
PROCR	PROS1	0.854
PROCR	TFPI	0.86
PROCR	F7	0.915
PROCR	F10	0.958
PROCR	F2R	0.994
PROCR	PROC	0.996
PROCR	THBD	0.999
PLAT	SRC	0.402
PLAT	KDR	0.421
PLAT	GP6	0.422
PLAT	F7	0.47
PLAT	ENO1	0.498
PLAT	FGF2	0.522
PLAT	THBS1	0.557
PLAT	F10	0.56
PLAT	ITGA2B	0.602
PLAT	F2R	0.602
PLAT	ALB	0.634
PLAT	F8	0.66
PLAT	F2	0.699
PLAT	SELP	0.783
PLAT	TFPI	0.788
PLAT	PDGFC	0.805
PLAT	FGA	0.88
PLAT	VTN	0.881
PLAT	THBD	0.913
PLAT	SERPINC1	0.914
PLAT	F3	0.932
PLAT	VWF	0.934
PLAT	SERPINF2	0.948
PLAT	ANXA2	0.997
PLAT	PLG	0.998
PLAT	SERPINE1	0.999
SERPINE1	ITGA2B	0.438
SERPINE1	SRC	0.446
SERPINE1	F5	0.448
SERPINE1	KDR	0.453
SERPINE1	F11	0.454
SERPINE1	PGF	0.461
SERPINE1	COL4A1	0.466
SERPINE1	SERPINF2	0.469
SERPINE1	PROS1	0.475
SERPINE1	VEGFC	0.489
SERPINE1	ITGAM	0.499
SERPINE1	ITGB3	0.519
SERPINE1	F10	0.535
SERPINE1	F2R	0.54
SERPINE1	FGG	0.553
SERPINE1	FGA	0.554
SERPINE1	AXL	0.609
SERPINE1	F8	0.611
SERPINE1	AHSG	0.614
SERPINE1	ALB	0.629
SERPINE1	SELP	0.682
SERPINE1	CD44	0.684
SERPINE1	MTHFR	0.695
SERPINE1	TFPI	0.718
SERPINE1	FGF2	0.741
SERPINE1	F7	0.774
SERPINE1	ANXA2	0.79
SERPINE1	VWF	0.817
SERPINE1	THBS1	0.819
SERPINE1	F2	0.839
SERPINE1	THBD	0.846
SERPINE1	F3	0.902
SERPINE1	PROC	0.943
SERPINE1	PLG	0.989
SERPINE1	VTN	0.999
VTN	F3	0.418
VTN	SERPINA3	0.451
VTN	ENO1	0.51
VTN	F10	0.545
VTN	SELP	0.578
VTN	ANXA2	0.594
VTN	FLNA	0.597
VTN	GP1BA	0.638
VTN	GP6	0.639
VTN	F2	0.688
VTN	ITGAM	0.704
VTN	FGA	0.72
VTN	FGG	0.721
VTN	C4B	0.733
VTN	SRC	0.733
VTN	KDR	0.76
VTN	AHSG	0.782
VTN	ITGA1	0.783
VTN	C4A	0.808
VTN	THBS1	0.826
VTN	FGF2	0.852
VTN	ITGB2	0.862
VTN	CD44	0.863
VTN	PGF	0.88
VTN	SERPINF2	0.885
VTN	SERPINC1	0.949
VTN	VWF	0.966
VTN	ALB	0.988
VTN	PLG	0.995
VTN	ITGB3	0.999
VTN	ITGA2B	0.999
TFPI	F12	0.404
TFPI	FGA	0.456
TFPI	PROS1	0.522
TFPI	SELP	0.61
TFPI	SERPINF2	0.615
TFPI	ALB	0.64
TFPI	F5	0.652
TFPI	F8	0.702
TFPI	PROC	0.717
TFPI	F2R	0.738
TFPI	VWF	0.746
TFPI	F11	0.748
TFPI	THBS1	0.809
TFPI	PLG	0.815
TFPI	SERPINC1	0.939
TFPI	F2	0.94
TFPI	THBD	0.963
TFPI	F7	0.995
TFPI	F10	0.999
TFPI	F3	0.999
PROC	GP1BB	0.4
PROC	GP9	0.474
PROC	ALB	0.489
PROC	PLG	0.512
PROC	GP1BA	0.53
PROC	AHSG	0.563
PROC	VWF	0.682
PROC	F10	0.707
PROC	F7	0.715
PROC	F11	0.717
PROC	FGG	0.754
PROC	F12	0.773
PROC	FGA	0.851
PROC	PROS1	0.859
PROC	F3	0.905
PROC	SERPINC1	0.924
PROC	F5	0.94
PROC	F2R	0.96
PROC	F8	0.96
PROC	SERPINF2	0.972
PROC	F2	0.987
PROC	THBD	0.992
C4BPB	FGA	0.402
C4BPB	SERPINC1	0.418
C4BPB	FGG	0.444
C4BPB	F5	0.628
C4BPB	PROS1	0.874
C4BPB	C4A	0.995
C4BPB	C4B	0.995
F12	C4A	0.404
F12	GP6	0.433
F12	FGA	0.444
F12	AHSG	0.529
F12	GP9	0.535
F12	GP1BB	0.572
F12	ALB	0.607
F12	VWF	0.63
F12	THBD	0.676
F12	F7	0.735
F12	F5	0.735
F12	SERPINF2	0.736
F12	F10	0.741
F12	F8	0.757
F12	GP1BA	0.841
F12	F2	0.88
F12	F3	0.937
F12	F11	0.954
F12	PLG	0.965
F12	SERPINC1	0.969
THBS1	THBD	0.403
THBS1	ITGAM	0.414
THBS1	PDGFC	0.419
THBS1	GP1BA	0.434
THBS1	ANXA2	0.435
THBS1	PGF	0.45
THBS1	F7	0.455
THBS1	ALB	0.463
THBS1	F2	0.497
THBS1	SRC	0.516
THBS1	F10	0.552
THBS1	VEGFC	0.558
THBS1	F3	0.631
THBS1	SELP	0.666
THBS1	AXL	0.67
THBS1	ITGA1	0.758
THBS1	CD44	0.767
THBS1	VWF	0.771
THBS1	COL4A1	0.774
THBS1	FGG	0.795
THBS1	FGF2	0.841
THBS1	SERPINF2	0.858
THBS1	KDR	0.873
THBS1	PLG	0.879
THBS1	FGA	0.903
THBS1	ITGA2B	0.94
THBS1	ITGB3	0.984
VWF	C4B	0.408
VWF	PGF	0.435
VWF	AXL	0.436
VWF	F5	0.448
VWF	C4A	0.451
VWF	VEGFC	0.458
VWF	ITGB2	0.528
VWF	PROS1	0.625
VWF	CD44	0.657
VWF	SERPINF2	0.661
VWF	F2R	0.669
VWF	FGF2	0.669
VWF	SRC	0.676
VWF	F11	0.705
VWF	ITGA1	0.706
VWF	PLG	0.798
VWF	FLNA	0.802
VWF	KDR	0.848
VWF	SERPINC1	0.86
VWF	FGG	0.863
VWF	FGA	0.866
VWF	ALB	0.871
VWF	F7	0.911
VWF	THBD	0.912
VWF	F2	0.966
VWF	F10	0.978
VWF	F3	0.98
VWF	GP6	0.997
VWF	ITGB3	0.998
VWF	GP9	0.998
VWF	GP1BB	0.998
VWF	F8	0.999
VWF	GP1BA	0.999
VWF	SELP	0.999
VWF	ITGA2B	0.999
ITGA2B	SERPINC1	0.424
ITGA2B	THBD	0.43
ITGA2B	F7	0.48
ITGA2B	F10	0.48
ITGA2B	F8	0.498
ITGA2B	KDR	0.53
ITGA2B	ITGA1	0.594
ITGA2B	PLG	0.662
ITGA2B	COL4A1	0.69
ITGA2B	ALB	0.701
ITGA2B	CD44	0.702
ITGA2B	F2R	0.702
ITGA2B	F3	0.718
ITGA2B	F2	0.736
ITGA2B	GP1BB	0.83
ITGA2B	ITGAM	0.916
ITGA2B	FGG	0.917
ITGA2B	FGA	0.928
ITGA2B	GP6	0.94
ITGA2B	SRC	0.959
ITGA2B	SELP	0.965
ITGA2B	GP1BA	0.967
ITGA2B	GP9	0.98
ITGA2B	FLNA	0.985
ITGA2B	ITGB2	0.986
ITGA2B	ITGB3	0.999
SELP	F11	0.423
SELP	FGF2	0.437
SELP	KDR	0.453
SELP	SRC	0.456
SELP	ITGA1	0.547
SELP	F10	0.551
SELP	SERPINC1	0.561
SELP	F7	0.574
SELP	PLG	0.602
SELP	F5	0.638
SELP	F8	0.656
SELP	GP1BB	0.656
SELP	F2	0.692
SELP	ALB	0.72
SELP	THBD	0.743
SELP	GP9	0.77
SELP	F2R	0.777
SELP	F3	0.905
SELP	GP6	0.908
SELP	ITGB3	0.928
SELP	ITGAM	0.934
SELP	ITGB2	0.978
SELP	CD44	0.993
SELP	GP1BA	0.999
KDR	F3	0.405
KDR	COL4A1	0.406
KDR	FGG	0.438
KDR	ITGAM	0.521
KDR	PLG	0.527
KDR	CD44	0.604
KDR	ALB	0.618
KDR	AXL	0.641
KDR	ITGB3	0.979
KDR	PDGFC	0.997
KDR	FGF2	0.998
KDR	SRC	0.998
KDR	VEGFC	0.999
KDR	PGF	0.999
FGF2	F3	0.456
FGF2	SERPINF2	0.486
FGF2	PDGFC	0.52
FGF2	ANXA2	0.539
FGF2	ITGAM	0.551
FGF2	SERPINC1	0.559
FGF2	SRC	0.606
FGF2	PLG	0.639
FGF2	ITGB3	0.656
FGF2	PGF	0.734
FGF2	VEGFC	0.828
FGF2	ALB	0.842
FGF2	CD44	0.993
AHSG	ITGB3	0.432
AHSG	C4A	0.463
AHSG	PROS1	0.527
AHSG	F10	0.666
AHSG	F5	0.701
AHSG	SERPINF2	0.768
AHSG	SERPINC1	0.838
AHSG	SERPINA3	0.848
AHSG	ANXA2	0.854
AHSG	PLG	0.902
AHSG	FGG	0.97
AHSG	F2	0.98
AHSG	FGA	0.984
AHSG	ALB	0.999
ITGA1	CD44	0.563
ITGA1	ITGAM	0.607
ITGA1	FLNA	0.718
ITGA1	SRC	0.734
ITGA1	COL4A1	0.923
ITGA1	ITGB2	0.972
ITGA1	ITGB3	0.982
ALB	F2R	0.419
ALB	VEGFC	0.452
ALB	ANXA2	0.468
ALB	F11	0.512
ALB	C4B	0.539
ALB	F8	0.584
ALB	C4A	0.584
ALB	F7	0.608
ALB	ITGB3	0.629
ALB	GP1BA	0.633
ALB	PGF	0.634
ALB	F10	0.646
ALB	SRC	0.655
ALB	ITGB2	0.684
ALB	THBD	0.685
ALB	ENO1	0.698
ALB	ITGAM	0.727
ALB	CD44	0.739
ALB	F5	0.747
ALB	F3	0.799
ALB	SERPINF2	0.81
ALB	SERPINA3	0.914
ALB	SERPINC1	0.933
ALB	FGG	0.945
ALB	PLG	0.963
ALB	FGA	0.975
ALB	F2	0.99
AXL	ANXA2	0.403
AXL	VEGFC	0.423
AXL	ITGAM	0.423
AXL	FLNA	0.523
AXL	CD44	0.663
AXL	SRC	0.983
AXL	PROS1	0.997
GP9	F3	0.444
GP9	F2R	0.509
GP9	SRC	0.59
GP9	F11	0.595
GP9	SERPINC1	0.638
GP9	F2	0.638
GP9	FLNA	0.71
GP9	F8	0.786
GP9	GP6	0.86
GP9	ITGB3	0.888
GP9	GP1BB	0.999
GP9	GP1BA	0.999
F2	PROS1	0.409
F2	ITGB3	0.502
F2	GP6	0.595
F2	GP1BB	0.595
F2	C4B	0.695
F2	C4A	0.735
F2	F11	0.767
F2	PLG	0.826
F2	F7	0.926
F2	SERPINF2	0.928
F2	MTHFR	0.935
F2	F8	0.985
F2	GP1BA	0.992
F2	F3	0.996
F2	F2R	0.998
F2	FGA	0.999
F2	F5	0.999
F2	SERPINC1	0.999
F2	FGG	0.999
F2	F10	0.999
F2	THBD	0.999
GP6	F10	0.469
GP6	F11	0.47
GP6	SRC	0.58
GP6	F2R	0.667
GP6	GP1BB	0.674
GP6	ITGB3	0.724
GP6	F3	0.735
GP6	COL4A1	0.906
GP6	GP1BA	0.946
PLG	F7	0.423
PLG	F5	0.453
PLG	F11	0.461
PLG	SERPINA3	0.468
PLG	PGF	0.479
PLG	SRC	0.482
PLG	VEGFC	0.493
PLG	MTHFR	0.543
PLG	C4B	0.552
PLG	PDGFC	0.582
PLG	CD44	0.607
PLG	PROS1	0.639
PLG	F8	0.659
PLG	F10	0.72
PLG	C4A	0.722
PLG	F2R	0.849
PLG	FGG	0.878
PLG	THBD	0.896
PLG	F3	0.939
PLG	FGA	0.965
PLG	SERPINC1	0.992
PLG	ENO1	0.997
PLG	ANXA2	0.997
PLG	SERPINF2	0.999
F2R	F8	0.423
F2R	F7	0.48
F2R	PROS1	0.498
F2R	ITGB3	0.521
F2R	F10	0.661
F2R	SERPINC1	0.67
F2R	GP1BA	0.684
F2R	SRC	0.7
F2R	F3	0.817
F2R	THBD	0.966
SERPINF2	C4B	0.413
SERPINF2	F5	0.442
SERPINF2	ENO1	0.462
SERPINF2	ANXA2	0.483
SERPINF2	F10	0.573
SERPINF2	F8	0.612
SERPINF2	THBD	0.624
SERPINF2	SERPINA3	0.636
SERPINF2	F11	0.641
SERPINF2	C4A	0.643
SERPINF2	F7	0.682
SERPINF2	F3	0.764
SERPINF2	SERPINC1	0.788
SERPINF2	FGG	0.916
SERPINF2	FGA	0.967
GP1BA	F10	0.431
GP1BA	F3	0.626
GP1BA	THBD	0.694
GP1BA	SERPINC1	0.728
GP1BA	SRC	0.747
GP1BA	F11	0.873
GP1BA	ITGB3	0.886
GP1BA	F8	0.886
GP1BA	ITGB2	0.978
GP1BA	ITGAM	0.982
GP1BA	FLNA	0.999
GP1BA	GP1BB	0.999
F3	FLNA	0.431
F3	ITGB3	0.507
F3	PROS1	0.609
F3	ITGAM	0.621
F3	MTHFR	0.636
F3	ANXA2	0.644
F3	FGA	0.667
F3	F5	0.799
F3	F11	0.923
F3	F8	0.942
F3	SERPINC1	0.958
F3	THBD	0.982
F3	F10	0.999
F3	F7	0.999
FGG	SRC	0.433
FGG	MTHFR	0.446
FGG	C4A	0.458
FGG	F7	0.472
FGG	SERPINA3	0.499
FGG	THBD	0.551
FGG	ITGB2	0.565
FGG	F11	0.573
FGG	F10	0.655
FGG	F5	0.658
FGG	PROS1	0.666
FGG	SERPINC1	0.921
FGG	ITGB3	0.98
FGG	FGA	0.999
ANXA2	SRC	0.469
ANXA2	CD44	0.706
ANXA2	FLNA	0.729
ANXA2	ENO1	0.765
F8	FGA	0.5
F8	FLNA	0.502
F8	GP1BB	0.743
F8	F5	0.846
F8	THBD	0.872
F8	PROS1	0.901
F8	SERPINC1	0.906
F8	F11	0.966
F8	F7	0.969
F8	F10	0.997
SERPINC1	GP1BB	0.406
SERPINC1	ITGB3	0.478
SERPINC1	SERPINA3	0.617
SERPINC1	C4B	0.64
SERPINC1	C4A	0.667
SERPINC1	MTHFR	0.712
SERPINC1	CD44	0.716
SERPINC1	PROS1	0.743
SERPINC1	F5	0.817
SERPINC1	F7	0.909
SERPINC1	THBD	0.912
SERPINC1	F11	0.969
SERPINC1	FGA	0.98
SERPINC1	F10	0.998
F5	C4A	0.561
F5	C4B	0.609
F5	FGA	0.652
F5	THBD	0.711
F5	F11	0.725
F5	F7	0.797
F5	MTHFR	0.821
F5	PROS1	0.972
F5	F10	0.995
FLNA	CD44	0.438
FLNA	ENO1	0.575
FLNA	SRC	0.809
FLNA	GP1BB	0.831
FLNA	ITGB2	0.938
FLNA	ITGB3	0.994
SRC	VEGFC	0.469
SRC	FGA	0.499
SRC	GP1BB	0.61
SRC	ITGAM	0.811
SRC	ENO1	0.815
SRC	ITGB2	0.904
SRC	CD44	0.972
SRC	ITGB3	0.998
F10	CD44	0.426
F10	C4B	0.428
F10	C4A	0.429
F10	COL4A1	0.449
F10	ITGB2	0.469
F10	PROS1	0.573
F10	FGA	0.752
F10	F11	0.756
F10	THBD	0.84
F10	F7	0.988
F7	MTHFR	0.4
F7	FGA	0.661
F7	F11	0.736
F7	THBD	0.942
COL4A1	ITGB3	0.849
COL4A1	CD44	0.928
MTHFR	PROS1	0.402
MTHFR	ITGB3	0.447
THBD	ITGB2	0.575
THBD	C4A	0.596
THBD	C4B	0.602
THBD	ITGAM	0.605
THBD	FGA	0.669
THBD	F11	0.787
PROS1	FGA	0.764
PROS1	C4A	0.946
PROS1	C4B	0.953
ITGB2	FGA	0.563
ITGB2	C4B	0.615
ITGB2	C4A	0.633
ITGB2	CD44	0.879
ITGB2	ITGB3	0.973
ITGB2	ITGAM	0.999
GP1BB	F11	0.593
GP1BB	ITGB3	0.714
F11	FGA	0.604
C4A	ITGAM	0.505
C4A	SERPINA3	0.529
C4A	FGA	0.664
C4A	C4B	0.999
CD44	SERPINA3	0.484
CD44	ENO1	0.495
CD44	PGF	0.561
CD44	VEGFC	0.62
CD44	ITGB3	0.838
CD44	ITGAM	0.86
C4B	FGA	0.43
C4B	SERPINA3	0.443
PDGFC	PGF	0.876
PDGFC	VEGFC	0.876
SERPINA3	FGA	0.491
PGF	VEGFC	0.77
ITGB3	ITGAM	0.871
ITGB3	FGA	0.978
VEGFC	ITGAM	0.418
