toxin_ac,family,toxin_name,species,function_excerpt(target-related),pmids,n_pmids,evidence_source
P59071,PLA2,Basic phospholipase A2 VRV-PL-VIIIa (svPLA2) (DPLA2) (P1) (Phosphatidylcholine 2-acylhydrolase) (Phospholipase A2 4) (PLA24),D. russelii,Snake venom phospholipase A2 (PLA2) that shows weak neurotoxicity and medium anticoagulant effects by binding to factor Xa (F10) and inhibiting the prothrombinase activity (IC(50) is 130 nM) (PubMed:18062812).,7940574;8835338;20203422;2718191;2115497;18062812;10686108;11717491;12351825;12206661;12186870;15544328;16596639;25541253,14,UniProt/Swiss-Prot curated annotation (= VenomZone homologous source)
Q4PRD1,snaclec/CTL,Snaclec coagulation factor X-activating enzyme light chain 1 (C-type lectin-like protein subunit 2) (Coagulation factor X-activating enzyme gamma-chain) (RVV-X light chain 1),D. siamensis,Regulatory subunit of the blood coagulation factor X- and IX- activating enzyme. The enzyme activates coagulation factor X (F10) by cleaving the Arg-Ile bond and is also able to activate coagulation factor IX (F9) and protein S (PROS1) by specific cleavage of Arg-Ile and Arg-Val bonds. May serve as an exosite by which the enzyme recognizes and binds to the Gla domain of factor X (F10) and factor IX (F9) in a calcium-dependent manner.,18616470;1629211;8144654;8639544;11910189;18060879,6,UniProt/Swiss-Prot curated annotation (= VenomZone homologous source)
Q7LZ61,SVMP/disintegrin,Coagulation factor X-activating enzyme heavy chain (Coagulation factor X-activating enzyme chain alpha) (RVV-X heavy chain) (Russellysin) (Snake venom metalloproteinase) (SVMP),D. siamensis,Catalytic subunit of blood coagulation factor X-activating enzyme. Activates coagulation factor X (F10) by cleaving the Arg-Ile bond and is also able to activate coagulation factor IX (F9) and protein S (PROS1) by specific cleavage of Arg-Ile and Arg-Val bonds.,18616470;1629211;8144654;8639544;18060879;11910189,6,UniProt/Swiss-Prot curated annotation (= VenomZone homologous source)
P18965,SVSP,Factor V activator RVV-V gamma (Russel's viper venom FV activator gamma) (RVV-V gamma) (Snake venom serine protease) (SVSP),D. siamensis,Venom serine protease that selectively activates factor V (F5) in a calcium-independent manner. It cleaves the Arg(1545)- Ser(1546) linkage in the human factor V molecule.,21640745;3053712;20054136;21871889,4,UniProt/Swiss-Prot curated annotation (= VenomZone homologous source)
P31100,PLA2,Acidic phospholipase A2 RV-7 (svPLA2) (F7) (Phosphatidylcholine 2-acylhydrolase) (Phospholipase A2 inhibitor) (S4) (Viperotoxin F) (Viperotoxin non-toxic acidic component),D. siamensis,"It inhibits the enzymatic activity of RV-4 in vitro but potentiates its lethal potency and neurotoxicity. It may facilitate the specific binding of RV-4 to its presynaptic binding sites, probably by acting as a chaperone, minimizing distraction and destruction of RV-4 en route to the site of action by reducing non-specific binding to muscle and other organs.",1425670;8835338;19457351;14501106,4,UniProt/Swiss-Prot curated annotation (= VenomZone homologous source)
Q4PRD2,snaclec/CTL,Snaclec coagulation factor X-activating enzyme light chain 2 (C-type lectin-like protein subunit 1) (Coagulation factor X-activating enzyme beta-chain) (RVV-X light chain 2),D. siamensis,Regulatory subunit of the blood coagulation factor X- and IX- activating enzyme. The enzyme activates coagulation factor X (F10) by cleaving the Arg-Ile bond and is also able to activate coagulation factor IX (F9) and protein S (PROS1) by specific cleavage of Arg-Ile and Arg-Val bonds. May serve as an exosite by which the enzyme recognizes and binds to the Gla domain of factor X (F10) and factor IX (F9) in a calcium-dependent manner.,18616470;8144654;11910189;18060879,4,UniProt/Swiss-Prot curated annotation (= VenomZone homologous source)
Q7T2R1,PLA2,Acidic phospholipase A2 daboiatoxin A chain (DbTx-A) (svPLA2) (Phospholipase A2 Dsm-a1) (Phospholipase A2 inhibitor) (Phospholipase A2-III),D. siamensis,,17611171;7778130;8711753;17505111,4,UniProt/Swiss-Prot curated annotation (= VenomZone homologous source)
P67861,VEGF,Snake venom vascular endothelial growth factor toxin VR-1 (svVEGF) (VEGF-F),D. russelii,"This protein induces angiogenesis probably through VEGF receptor (KDR/VEGFR- 2) signaling, as well as drastic hypotension. The hypotension is mediated by nitric oxide, which is produced by VEGF-activated endothelium NO synthase.",19208624;14600159;15542594,3,UniProt/Swiss-Prot curated annotation (= VenomZone homologous source)
Q02471,PLA2,Basic phospholipase A2 RV-4 (svPLA2) (F4) (Phosphatidylcholine 2-acylhydrolase) (S2) (Viperotoxin F) (Viperotoxin toxic basic component),D. siamensis,,1425670;8835338;14501106,3,UniProt/Swiss-Prot curated annotation (= VenomZone homologous source)
Q7T3T5,PLA2,Acidic phospholipase A2 daboiatoxin B chain (DbTx-B) (svPLA2) (Acidic phospholipase A2-II) (Phosphatidylcholine 2-acylhydrolase),D. siamensis,,7778130;8711753;17505111,3,UniProt/Swiss-Prot curated annotation (= VenomZone homologous source)
P18964,SVSP,Factor V activator RVV-V alpha (Russel's viper venom FV activator alpha) (RVV-V alpha) (Snake venom serine protease) (SVSP),D. siamensis,Venom serine protease that activates factor V (F5) in a calcium-independent manner. It cleaves the Arg(1545)-Ser(1546) linkage in the human factor V molecule.,3053712;16807918,2,UniProt/Swiss-Prot curated annotation (= VenomZone homologous source)
H6VC06,Kunitz inhibitor,Kunitz-type serine protease inhibitor DrKIn-II (Daboia russelii Kunitz Inhibitor-II),D. russelii,"Serine protease inhibitor that inhibits plasmin (90%) (Ki=0.19 nM), trypsin (70%), FXIa/F11 (37%) (Ki=6 nM) and FXa/F10 (20%), and prolonges the activated partial thromboplastin time.",22416129;23999090,2,UniProt/Swiss-Prot curated annotation (= VenomZone homologous source)
P0DL42,VEGF,Snake venom vascular endothelial growth factor toxin VR-1' (svVEGF) (VEGF-F),D. siamensis,"This angiogenesis probably occurs through VEGF receptor (KDR/VEGFR-2) signaling. Also induces drastic hypotension mediated by nitric oxide (NO), which is produced by VEGF-activated endothelium NO synthase.",15992764;19457351,2,UniProt/Swiss-Prot curated annotation (= VenomZone homologous source)
P30894,NGF,Venom nerve growth factor (v-NGF) (vNGF),D. russelii,"Nerve growth factor is important for the development and maintenance of the sympathetic and sensory nervous systems. However, it has been shown to inhibit metalloproteinase-dependent proteolysis of platelet glycoprotein Ib alpha, suggesting a metalloproteinase inhibition to prevent metalloprotease autodigestion and/or protection against prey proteases (By similarity). Binds a lipid between the two protein chains in the homodimer.",1477101;21801740,2,UniProt/Swiss-Prot curated annotation (= VenomZone homologous source)
P81458,PLA2,Basic phospholipase A2 RVV-VD (svPLA2) (Phosphatidylcholine 2-acylhydrolase) (R1),D. russelii,,9604284;8835338,2,UniProt/Swiss-Prot curated annotation (= VenomZone homologous source)
A8CG78,PLA2,Acidic phospholipase A2 DsM-a2/DsM-a2' (svPLA2) (Phosphatidylcholine 2-acylhydrolase),D. siamensis,,17611171,1,UniProt/Swiss-Prot curated annotation (= VenomZone homologous source)
A8CG82,PLA2,Basic phospholipase A2 DsM-b1/DsM-b1' (svPLA2) (Phosphatidylcholine 2-acylhydrolase),D. siamensis,,17611171,1,UniProt/Swiss-Prot curated annotation (= VenomZone homologous source)
A8CG86,PLA2,Acidic phospholipase A2 Drk-a1 (svPLA2) (Phosphatidylcholine 2-acylhydrolase) (Phospholipase A2 Drk-a1') (Phospholipase A2-I),D. russelii,,17611171,1,UniProt/Swiss-Prot curated annotation (= VenomZone homologous source)
A8CG89,PLA2,Basic phospholipase A2 Drk-b1 (svPLA2) (Phosphatidylcholine 2-acylhydrolase),D. russelii,,17611171,1,UniProt/Swiss-Prot curated annotation (= VenomZone homologous source)
A8CG90,PLA2,Basic phospholipase A2 Drk-b2 (svPLA2) (Phosphatidylcholine 2-acylhydrolase),D. russelii,,17611171,1,UniProt/Swiss-Prot curated annotation (= VenomZone homologous source)
A8Y7P1,Kunitz inhibitor,Kunitz-type serine protease inhibitor B1 (BBPTI-1) (BPTI-1) (Trypsin inhibitor 1) (Trypsin inhibitor B1),D. siamensis,Serine protease inhibitor that has activity against chymotrypsin (Ki=4.77 nM) but not against trypsin.,23428970,1,UniProt/Swiss-Prot curated annotation (= VenomZone homologous source)
A8CG84,PLA2,Basic phospholipase A2 DsM-S1 (svPLA2) (Phosphatidylcholine 2-acylhydrolase),D. siamensis,,17611171,1,UniProt/Swiss-Prot curated annotation (= VenomZone homologous source)
A8CG87,PLA2,Acidic phospholipase A2 Drk-a2 (svPLA2) (Phosphatidylcholine 2-acylhydrolase),D. russelii,,17611171,1,UniProt/Swiss-Prot curated annotation (= VenomZone homologous source)
A0A2H4Z2X6,SVMP/disintegrin,Disintegrin,D. siamensis,,29567103,1,UniProt/Swiss-Prot curated annotation (= VenomZone homologous source)
A0A2H4Z2Y1,SVMP/disintegrin,Disintegrin,D. siamensis,,29567103,1,UniProt/Swiss-Prot curated annotation (= VenomZone homologous source)
B8K1W0,SVMP/disintegrin,Zinc metalloproteinase-disintegrin-like daborhagin-K (EC 3.4.24.-) (Haemorrhagic metalloproteinase russelysin) (Snake venom metalloproteinase) (SVMP),D. russelii,May also potently degrade alpha chain of fibrinogen (FGA).,18554518,1,UniProt/Swiss-Prot curated annotation (= VenomZone homologous source)
G8XQX1,LAAO,L-amino-acid oxidase (DrLAO) (LAAO),D. russelii,"Inhibits ADP- and collagen-induced platelet aggregation (PubMed:21802487). This inhibition is inhibited by catalase, indicating the importance of generated H(2)O(2) for the inhibitory effect (PubMed:21802487). This effect on platelets among snake L-amino-acid oxidases is however controversial, since some of them induce aggregation, whereas the other inhibit agonist-induced aggregation (By similarity).",21802487,1,UniProt/Swiss-Prot curated annotation (= VenomZone homologous source)
C0HK16,PLA2,Basic phospholipase A2 daboxin P (svPLA2) (Phosphatidylcholine 2-acylhydrolase),D. russelii,"Snake venom phospholipase A2 (PLA2) that exhibits anticoagulant activity, probably by binding to factor X and its activated form factor Xa (F10).",27089306,1,UniProt/Swiss-Prot curated annotation (= VenomZone homologous source)
H6VC05,Kunitz inhibitor,Kunitz-type serine protease inhibitor DrKIn-I (Daboia russelii Kunitz Inhibitor-I),D. russelii,"Serine protease inhibitor. Inhibits activated protein C (APC) with an IC(50) of 3.5 nM in the presence of heparin (to which it strongly binds) and an IC(50) of 88.9 nM in its absence. Other targets are also significantly inhibited in presence of heparin: trypsin (PRSS1) (45%), coagulation FXIa (F11) (40%), and plasmin (PLG) (70%).",22416129,1,UniProt/Swiss-Prot curated annotation (= VenomZone homologous source)
A8Y7P5,Kunitz inhibitor,Kunitz-type serine protease inhibitor B5 (BBPTI-5) (BPTI-5) (Trypsin inhibitor 5) (Trypsin inhibitor B5),D. siamensis,Serine protease inhibitor.,23428970,1,UniProt/Swiss-Prot curated annotation (= VenomZone homologous source)
E5L0E3,SVSP,Alpha-fibrinogenase-like (RVAF) (EC 3.4.21.-) (Snake venom serine protease) (SVSP),D. siamensis,"Degrades alpha chain of fibrinogen (FGA), and has strong caseinolytic activity. Cleaves oxidized insulin B-chain at '40-Tyr-|- Leu-41', '48-Phe-|-Phe-49' and '49-Phe-|-Tyr-50', and glucagon at the bonds '62-Tyr-|-Ser-63', 66-Leu-|-Asp-67' and '78-Leu-|-Met-79' bonds.",21640745,1,UniProt/Swiss-Prot curated annotation (= VenomZone homologous source)
E5L0E4,SVSP,Beta-fibrinogenase-like (RVBF) (EC 3.4.21.-) (Snake venom serine protease) (SVSP),D. siamensis,Snake venom serine protease that has fibrinogenolytic activities by hydrolyzing the beta chain of fibrinogen (FGB).,21640745,1,UniProt/Swiss-Prot curated annotation (= VenomZone homologous source)
P00990,Kunitz inhibitor,Kunitz-type serine protease inhibitor 2 (RVV-II) (Venom basic protease inhibitor 2) (Venom basic protease inhibitor II),D. siamensis,Serine protease inhibitor.,4436285,1,UniProt/Swiss-Prot curated annotation (= VenomZone homologous source)
P84674,PLA2,Basic phospholipase A2 VRV-PL-V (svPLA2) (P2-1) (P2-2) (P3) (Phosphatidylcholine 2-acylhydrolase),D. russelii,,8835338,1,UniProt/Swiss-Prot curated annotation (= VenomZone homologous source)
Q4F867,LAAO,L-amino-acid oxidase (DRS-LAAO) (LAO),D. siamensis,"Exhibits diverse biological activities such as antibacterial activity (Minimal inhibitory concentrations (MIC) are 9.0 ug/ml against S.aureus, 144.0 ug/ml against P.aeruginosa and 288.0 ug/ml against E.coli) and inhibition of ADP- and TMVA-induced platelet aggregation. Effects of snake L-amino oxidases on platelets are controversial, since they either induce aggregation or inhibit agonist-induced aggregation.",19523971,1,UniProt/Swiss-Prot curated annotation (= VenomZone homologous source)
P86368,PLA2,Basic phospholipase A2 3 (PLA23) (svPLA2) (Phosphatidylcholine 2-acylhydrolase),D. russelii,,20203422,1,UniProt/Swiss-Prot curated annotation (= VenomZone homologous source)
Q38L02,snaclec/CTL,Snaclec dabocetin subunit alpha (C-type lectin-like 8),D. siamensis,Inhibits ristocetin-induced platelet aggregation via binding to platelet glycoprotein Ibalpha (GP1BA).,16330060,1,UniProt/Swiss-Prot curated annotation (= VenomZone homologous source)
A8Y7N4,Kunitz inhibitor,Kunitz-type serine protease inhibitor C1 (BPTI-1) (Trypsin inhibitor 1) (Trypsin inhibitor C1),D. siamensis,Serine protease inhibitor that inhibits trypsin.,,0,UniProt/Swiss-Prot curated annotation (= VenomZone homologous source)
A8Y7N5,Kunitz inhibitor,Kunitz-type serine protease inhibitor C2 (BPTI-2) (Trypsin inhibitor 2) (Trypsin inhibitor C2),D. siamensis,Serine protease inhibitor that inhibits plasmin and trypsin.,,0,UniProt/Swiss-Prot curated annotation (= VenomZone homologous source)
A8Y7N6,Kunitz inhibitor,Kunitz-type serine protease inhibitor C3 (BPTI-3) (Trypsin inhibitor 3) (Trypsin inhibitor C3),D. siamensis,Serine protease inhibitor.,,0,UniProt/Swiss-Prot curated annotation (= VenomZone homologous source)
A8Y7N7,Kunitz inhibitor,Kunitz-type serine protease inhibitor C4 (BPTI-4) (Trypsin inhibitor 4) (Trypsin inhibitor C4),D. siamensis,Serine protease inhibitor.,,0,UniProt/Swiss-Prot curated annotation (= VenomZone homologous source)
A8Y7N8,Kunitz inhibitor,Kunitz-type serine protease inhibitor C5 (BPTI-5) (Trypsin inhibitor 5) (Trypsin inhibitor C5),D. siamensis,Serine protease inhibitor that inhibits trypsin.,,0,UniProt/Swiss-Prot curated annotation (= VenomZone homologous source)
A8Y7N9,Kunitz inhibitor,Kunitz-type serine protease inhibitor C6 (BPTI-6) (Trypsin inhibitor 6) (Trypsin inhibitor C6),D. siamensis,Serine protease inhibitor.,,0,UniProt/Swiss-Prot curated annotation (= VenomZone homologous source)
A8Y7P0,Kunitz inhibitor,Kunitz-type serine protease inhibitor 7 (BPTI-7) (Trypsin inhibitor 7) (Trypsin inhibitor B7) (Trypsin inhibitor C7),D. siamensis,Serine protease inhibitor that inhibits trypsin.,,0,UniProt/Swiss-Prot curated annotation (= VenomZone homologous source)
A8Y7P2,Kunitz inhibitor,Kunitz-type serine protease inhibitor B2 (BPTI-2) (Trypsin inhibitor 2) (Trypsin inhibitor B2),D. siamensis,Serine protease inhibitor that inhibits trypsin.,,0,UniProt/Swiss-Prot curated annotation (= VenomZone homologous source)
A0A223PK22,CRISP,Cysteine rich secretory protein,D. russelii,,,0,UniProt/Swiss-Prot curated annotation (= VenomZone homologous source)
A0A223PK48,CRISP,Serotriflin,D. russelii,,,0,UniProt/Swiss-Prot curated annotation (= VenomZone homologous source)
A8Y7P3,Kunitz inhibitor,Kunitz-type serine protease inhibitor B3 (BPTI-3) (Trypsin inhibitor 3) (Trypsin inhibitor B3),D. siamensis,Serine protease inhibitor that inhibits plasmin and trypsin.,,0,UniProt/Swiss-Prot curated annotation (= VenomZone homologous source)
A8Y7P4,Kunitz inhibitor,Kunitz-type serine protease inhibitor B4 (BPTI-4) (Trypsin inhibitor 4) (Trypsin inhibitor B4),D. siamensis,Serine protease inhibitor that inhibits plasmin and trypsin.,,0,UniProt/Swiss-Prot curated annotation (= VenomZone homologous source)
A8Y7P6,Kunitz inhibitor,Kunitz-type serine protease inhibitor B6 (BPTI-6) (Trypsin inhibitor 6) (Trypsin inhibitor B6),D. siamensis,Serine protease inhibitor that inhibits trypsin.,,0,UniProt/Swiss-Prot curated annotation (= VenomZone homologous source)
F2Q6F2,CRISP,Cysteine-rich venom protein,D. russelii,,,0,UniProt/Swiss-Prot curated annotation (= VenomZone homologous source)
F2Q6F3,CRISP,Cysteine-rich venom protein,D. russelii,,,0,UniProt/Swiss-Prot curated annotation (= VenomZone homologous source)
Q2ES46,Kunitz inhibitor,Kunitz-type serine protease inhibitor 5 (Kunitz protease inhibitor 5) (Kunitz protease inhibitor V),D. russelii,Serine protease inhibitor.,,0,UniProt/Swiss-Prot curated annotation (= VenomZone homologous source)
Q2ES47,Kunitz inhibitor,Kunitz-type serine protease inhibitor 4 (Kunitz protease inhibitor 4) (Kunitz protease inhibitor IV),D. russelii,Serine protease inhibitor.,,0,UniProt/Swiss-Prot curated annotation (= VenomZone homologous source)
Q2ES48,Kunitz inhibitor,Kunitz-type serine protease inhibitor 3 (Kunitz protease inhibitor 3) (Kunitz protease inhibitor III),D. russelii,Serine protease inhibitor.,,0,UniProt/Swiss-Prot curated annotation (= VenomZone homologous source)
Q2ES49,Kunitz inhibitor,Kunitz-type serine protease inhibitor 2 (Kunitz protease inhibitor 2) (Kunitz protease inhibitor II),D. russelii,Serine protease inhibitor.,,0,UniProt/Swiss-Prot curated annotation (= VenomZone homologous source)
Q2ES50,Kunitz inhibitor,Kunitz-type serine protease inhibitor 1 (Kunitz protease inhibitor 1) (Kunitz protease inhibitor I),D. russelii,Serine protease inhibitor.,,0,UniProt/Swiss-Prot curated annotation (= VenomZone homologous source)
Q4PRC6,snaclec/CTL,Snaclec 7 (C-type lectin-like 7),D. siamensis,"Interferes with one step of hemostasis (modulation of platelet aggregation, or coagulation cascade, for example).",,0,UniProt/Swiss-Prot curated annotation (= VenomZone homologous source)
Q4PRC7,snaclec/CTL,Snaclec 6 (C-type lectin-like 6),D. siamensis,"Interferes with one step of hemostasis (modulation of platelet aggregation, or coagulation cascade, for example).",,0,UniProt/Swiss-Prot curated annotation (= VenomZone homologous source)
Q4PRC8,snaclec/CTL,Snaclec 5 (C-type lectin-like 5),D. siamensis,"Interferes with one step of hemostasis (modulation of platelet aggregation, or coagulation cascade, for example).",,0,UniProt/Swiss-Prot curated annotation (= VenomZone homologous source)
Q4PRC9,snaclec/CTL,Snaclec 4 (C-type lectin-like 4),D. siamensis,"Interferes with one step of hemostasis (modulation of platelet aggregation, or coagulation cascade, for example).",,0,UniProt/Swiss-Prot curated annotation (= VenomZone homologous source)
Q4PRD0,snaclec/CTL,Snaclec 3 (C-type lectin-like 3),D. siamensis,"Interferes with one step of hemostasis (modulation of platelet aggregation, or coagulation cascade, for example).",,0,UniProt/Swiss-Prot curated annotation (= VenomZone homologous source)
