removal_order,gene,degree
1,VWF,27
2,SERPINC1,25
3,F2,25
4,VTN,23
5,F3,22
6,PLG,21
7,ITGA2B,20
8,ITGB3,19
9,PROC,18
10,THBD,17
11,ALB,17
12,TFPI,16
13,FGA,16
14,F8,16
15,GP1BA,16
16,F10,15
17,THBS1,15
18,F7,14
19,SELP,14
20,F5,14
21,PLAT,13
22,SERPINF2,13
23,SERPINE1,13
24,FGG,13
25,SRC,13
26,CD44,13
27,F11,13
28,F12,12
29,FLNA,11
30,AHSG,11
31,PROCR,10
32,PROS1,10
33,F2R,10
34,ITGB2,10
35,ITGAM,9
36,KDR,9
37,GP9,9
38,FGF2,8
39,ITGA1,8
40,GP6,8
41,ANXA2,7
42,GP1BB,7
43,C4A,6
44,PGF,5
45,COL4A1,5
46,PDGFC,4
47,C4B,4
48,VEGFC,4
49,C4BPB,3
50,MTHFR,3
51,ENO1,3
52,SERPINA3,2
53,AXL,2
54,CFTR,1
