gene,degree,MCC,EPC,hub10,strict_core10,pathology_axis,degree_rank,MCC_rank,EPC_rank
VWF,27,375492.0,52.23,False,False,,1,12,1
F2,25,1506956.0,52.23,True,False,轴2,2,2,1
SERPINC1,25,1510584.0,52.23,False,False,,2,1,1
VTN,23,8014.0,52.23,False,False,,4,21,1
F3,22,1502082.0,52.23,True,False,,5,3,1
PLG,21,20030.0,52.23,True,True,轴2,6,15,1
ITGA2B,20,3764.0,52.23,False,False,,7,22,1
ITGB3,19,3506.0,52.23,False,False,,8,23,1
PROC,18,1130700.0,52.23,True,True,轴2,9,9,1
ALB,17,12158.0,52.23,True,False,,10,18,1
THBD,17,1138470.0,52.23,False,False,,10,8,1
F8,16,1451808.0,52.23,True,False,,12,6,1
FGA,16,13230.0,52.23,True,True,轴2,12,16,1
GP1BA,16,2070.0,52.23,False,True,,12,25,1
TFPI,16,775584.0,52.23,False,False,,12,10,1
F10,15,1497144.0,52.23,True,True,轴2,16,4,1
THBS1,15,1110.0,52.23,False,False,,16,30,1
F5,14,725838.0,52.23,True,True,轴2,18,11,1
F7,14,1493280.0,52.23,True,False,,18,5,1
SELP,14,1068.0,52.23,False,False,,18,31,1
CD44,13,937.0,52.23,False,False,,21,33,1
F11,13,1451760.0,52.23,False,True,,21,7,1
FGG,13,12840.0,52.23,False,False,,21,17,1
PLAT,13,1759.0,52.18,False,False,,21,26,29
SERPINE1,13,2964.0,52.23,False,False,,21,24,1
SERPINF2,13,10824.0,52.23,False,False,,21,19,1
SRC,13,1018.0,52.23,False,False,,21,32,1
F12,12,363360.0,52.23,False,False,,28,13,1
AHSG,11,10108.0,52.13,False,False,,29,20,33
FLNA,11,872.0,52.14,False,False,,29,34,32
F2R,10,860.0,52.18,False,False,,31,35,29
ITGB2,10,1248.0,52.23,False,False,,31,28,1
PROCR,10,41046.0,52.18,False,False,,31,14,29
PROS1,10,43.0,52.09,False,True,,31,40,36
GP9,9,1464.0,52.03,False,False,,35,27,38
ITGAM,9,1128.0,52.13,False,False,,35,29,33
KDR,9,54.0,52.09,False,True,,35,39,36
FGF2,8,36.0,51.89,False,False,,38,41,41
GP6,8,746.0,52.03,False,False,,38,36,38
ITGA1,8,84.0,52.13,False,False,,38,38,33
ANXA2,7,12.0,51.74,False,False,,41,44,42
GP1BB,7,744.0,51.99,False,False,,41,37,40
C4A,6,12.0,51.2,False,False,,43,44,43
COL4A1,5,14.0,49.99,False,True,,44,43,44
PGF,5,18.0,49.81,False,False,,44,42,45
C4B,4,8.0,47.97,False,False,,46,47,48
PDGFC,4,7.0,48.33,False,False,,46,48,46
VEGFC,4,12.0,48.05,False,False,,46,44,47
C4BPB,3,6.0,44.62,False,False,,49,49,51
ENO1,3,3.0,45.27,False,False,,49,51,50
MTHFR,3,6.0,46.89,False,False,,49,49,49
AXL,2,2.0,41.07,False,False,,52,52,52
SERPINA3,2,2.0,39.52,False,False,,52,52,53
CFTR,1,1.0,27.49,False,False,,54,54,54
