source,native,name,p_value,term_size,query_size,intersection_size,intersections
REAC,REAC:R-HSA-140877,Formation of Fibrin Clot (Clotting Cascade),3.7619369482853976e-13,39,11,7,REAC;REAC;REAC;REAC;REAC;REAC;REAC
GO:BP,GO:0030193,regulation of blood coagulation,1.041109321484405e-12,68,11,7,IC;IEA;IDA;IBA;IDA;IEA;IDA;IEA;IDA;TAS;IEA
GO:BP,GO:1900046,regulation of hemostasis,1.2869623823894316e-12,70,11,7,IC;IEA;IDA;IBA;IDA;IEA;IDA;IEA;IDA;TAS;IEA
GO:BP,GO:0050818,regulation of coagulation,2.3446599749139003e-12,76,11,7,IC;IEA;IDA;IBA;IDA;IEA;IDA;IEA;IDA;TAS;IEA
GO:BP,GO:0042060,wound healing,4.3853260154767435e-11,439,11,9,IDA;IC;IEA;IDA;IBA;TAS;IEA;IBA;TAS;IEA;IDA;IMP;HMP;IBA;IEA;IDA;IMP;IEA;IDA;TAS;NAS;IEA;IDA;IPI;IMP;TAS;NAS;IEA;IMP;TAS;IEA
GO:BP,GO:0007596,blood coagulation,5.04265442362245e-11,241,11,8,IDA;IC;IEA;IDA;IBA;TAS;IEA;IBA;TAS;IEA;IDA;IMP;HMP;IBA;IEA;IDA;IMP;IEA;IDA;TAS;NAS;IEA;IDA;IPI;IMP;TAS;NAS;IEA;TAS;IEA
GO:BP,GO:0050817,coagulation,5.953493659485633e-11,246,11,8,IDA;IC;IEA;IDA;IBA;TAS;IEA;IBA;TAS;IEA;IDA;IMP;HMP;IBA;IEA;IDA;IMP;IEA;IDA;TAS;NAS;IEA;IDA;IPI;IMP;TAS;NAS;IEA;TAS;IEA
GO:BP,GO:0007599,hemostasis,6.356232775561852e-11,248,11,8,IDA;IC;IEA;IDA;IBA;TAS;IEA;IBA;TAS;IEA;IDA;IMP;HMP;IBA;IEA;IDA;IMP;IEA;IDA;TAS;NAS;IEA;IDA;IPI;IMP;TAS;NAS;IEA;TAS;IEA
GO:BP,GO:0061041,regulation of wound healing,1.0624652786052729e-10,129,11,7,IC;IEA;IDA;IBA;IDA;IEA;IDA;IEA;IDA;TAS;IEA
KEGG,KEGG:04610,Complement and coagulation cascades,1.3580775248938095e-10,86,11,7,KEGG;KEGG;KEGG;KEGG;KEGG;KEGG;KEGG
GO:BP,GO:0009611,response to wounding,4.634302093745595e-10,570,11,9,IDA;IC;IEA;IDA;IBA;TAS;IEA;IBA;TAS;IEA;IDA;IMP;HMP;IBA;IEA;IDA;IMP;IEA;IDA;TAS;NAS;IEA;IDA;IPI;IMP;TAS;NAS;IEA;IMP;TAS;IEA
GO:BP,GO:1903034,regulation of response to wounding,5.626358123350579e-10,163,11,7,IC;IEA;IDA;IBA;IDA;IEA;IDA;IEA;IDA;TAS;IEA
GO:BP,GO:0042730,fibrinolysis,1.2766975707401876e-09,27,11,5,IDA;IBA;IDA;IEA;IDA;IDA;IEA
GO:BP,GO:0050878,regulation of body fluid levels,1.7390476695452474e-09,374,11,8,IDA;IC;IEA;IDA;IBA;TAS;IEA;IBA;TAS;IEA;IDA;IMP;HMP;IBA;IEA;IDA;IMP;IEA;IDA;TAS;NAS;IEA;IDA;IPI;IMP;TAS;NAS;IEA;TAS;IEA
GO:CC,GO:0031093,platelet alpha granule lumen,1.0222842519698801e-08,67,11,5,TAS;TAS;TAS;TAS;TAS
GO:BP,GO:0030195,negative regulation of blood coagulation,3.332344231775244e-08,50,11,5,IDA;IBA;IDA;IEA;IDA;IDA;IEA
GO:BP,GO:1900047,negative regulation of hemostasis,3.693673168731925e-08,51,11,5,IDA;IBA;IDA;IEA;IDA;IDA;IEA
GO:BP,GO:0050819,negative regulation of coagulation,4.9691834328212005e-08,54,11,5,IDA;IBA;IDA;IEA;IDA;IDA;IEA
GO:CC,GO:0031091,platelet alpha granule,5.176145222023382e-08,92,11,5,TAS;IDA;TAS;TAS;TAS;TAS
REAC,REAC:R-HSA-109582,Hemostasis,1.6507410599997898e-07,675,11,9,REAC;REAC;REAC;REAC;REAC;REAC;REAC;REAC;REAC
GO:BP,GO:0061045,negative regulation of wound healing,2.037496215068164e-07,71,11,5,IDA;IBA;IDA;IEA;IDA;IDA;IEA
GO:BP,GO:1903035,negative regulation of response to wounding,8.54282636743597e-07,94,11,5,IDA;IBA;IDA;IEA;IDA;IDA;IEA
GO:CC,GO:0005576,extracellular region,1.3199012999359701e-06,4249,11,11,IDA;IEA;IBA;TAS;IEA;IBA;TAS;NAS;IEA;IDA;HDA;IBA;TAS;NAS;IEA;IDA;HDA;IBA;TAS;IEA;IDA;HDA;TAS;NAS;IEA;IBA;TAS;NAS;IEA;IDA;HDA;TAS;NAS;IEA;HDA;IBA;IEA;IDA;HDA;IBA;TAS;NAS;IEA
REAC,REAC:R-HSA-140837,Intrinsic Pathway of Fibrin Clot Formation,1.392601064143568e-06,23,11,4,REAC;REAC;REAC;REAC
GO:CC,GO:0005615,extracellular space,4.520079328549875e-06,3252,11,10,IDA;IBA;IEA;IBA;IDA;HDA;IBA;TAS;IEA;IDA;HDA;IBA;IDA;HDA;IEA;IBA;IDA;HDA;IEA;HDA;IBA;IDA;HDA;IBA
GO:BP,GO:0032101,regulation of response to external stimulus,8.786139158071671e-06,1092,11,8,IC;IDA;IBA;IEA;IDA;IBA;IDA;IEA;IDA;IEA;IDA;TAS;IDA;IEA
REAC,REAC:R-HSA-9668250,Defective factor IX causes hemophilia B,1.8368629425551123e-05,9,11,3,REAC;REAC;REAC
REAC,REAC:R-HSA-76002,"Platelet activation, signaling and aggregation",1.9559313413714364e-05,259,11,6,REAC;REAC;REAC;REAC;REAC;REAC
REAC,REAC:R-HSA-114608,Platelet degranulation ,2.3248315873788597e-05,126,11,5,REAC;REAC;REAC;REAC;REAC
GO:CC,GO:0005788,endoplasmic reticulum lumen,2.793141183097711e-05,322,11,5,TAS;IEA;TAS;TAS;TAS;TAS;IEA
REAC,REAC:R-HSA-76005,Response to elevated platelet cytosolic Ca2+,2.8265183178339807e-05,131,11,5,REAC;REAC;REAC;REAC;REAC
GO:CC,GO:0034774,secretory granule lumen,2.8802123198436343e-05,324,11,5,TAS;TAS;TAS;TAS;TAS
GO:CC,GO:0060205,cytoplasmic vesicle lumen,3.107343056889153e-05,329,11,5,TAS;TAS;TAS;TAS;TAS
GO:CC,GO:0031983,vesicle lumen,3.154428616299621e-05,330,11,5,TAS;TAS;TAS;TAS;TAS
GO:BP,GO:0065008,regulation of biological quality,3.488385262316472e-05,2963,11,10,IDA;IC;IEA;IDA;IBA;TAS;IEA;IBA;TAS;IEA;IDA;IMP;HMP;IBA;IEA;IDA;IMP;IEA;IDA;IDA;TAS;NAS;IEA;IDA;IPI;IMP;TAS;NAS;IEA;IDA;IGI;TAS;IEA
GO:CC,GO:0072562,blood microparticle,4.7489842640460967e-05,138,11,4,HDA;HDA;HDA;HDA
GO:BP,GO:0072378,"blood coagulation, fibrin clot formation",6.963882841896476e-05,16,11,3,IBA;IDA;IMP;IBA;IPI;NAS
GO:CC,GO:0009897,external side of plasma membrane,7.868604151599322e-05,397,11,5,IC;IDA;IDA;IDA;IEA;IEA
REAC,REAC:R-HSA-9651496,Defects of contact activation system (CAS) and kallikrein/kinin system (KKS),0.00012199281266484371,16,11,3,REAC;REAC;REAC
GO:BP,GO:0051604,protein maturation,0.00012216648113180483,530,11,6,IDA;IDA;IBA;IDA;IMP;IBA;IDA;IPI;NAS
GO:BP,GO:0072376,protein activation cascade,0.00014160252629827135,20,11,3,IBA;IDA;IMP;IBA;IPI;NAS
REAC,REAC:R-HSA-9671793,Diseases of hemostasis,0.00021074738216831564,19,11,3,REAC;REAC;REAC
GO:BP,GO:0050927,positive regulation of positive chemotaxis,0.0002852806625498672,25,11,3,IC;IDA;IDA
GO:BP,GO:1900048,positive regulation of hemostasis,0.00032239886852432147,26,11,3,IC;IEA;IDA
GO:BP,GO:0030194,positive regulation of blood coagulation,0.00032239886852432147,26,11,3,IC;IEA;IDA
GO:BP,GO:0050926,regulation of positive chemotaxis,0.00032239886852432147,26,11,3,IC;IDA;IDA
REAC,REAC:R-HSA-140875,Common Pathway of Fibrin Clot Formation,0.00033438843599456345,22,11,3,REAC;REAC;REAC
GO:MF,GO:0004252,serine-type endopeptidase activity,0.0004193831906423718,184,11,4,IDA;IDA;TAS;IEA;IDA;IMP;TAS;IEA;TAS;NAS;IEA
GO:BP,GO:0050820,positive regulation of coagulation,0.0005028620031898148,30,11,3,IC;IEA;IDA
GO:MF,GO:0008236,serine-type peptidase activity,0.0005960440710583599,201,11,4,IDA;IDA;TAS;IEA;IDA;IMP;TAS;IEA;TAS;NAS;IEA
GO:BP,GO:0006950,response to stress,0.000642037321677089,3984,11,10,IDA;IC;IEA;IDA;IBA;TAS;IEA;IBA;TAS;IEA;IDA;IMP;HMP;IBA;IEA;IDA;IMP;IEA;IDA;IDA;TAS;NAS;IEA;IDA;IPI;IMP;TAS;NAS;IEA;IMP;TAS;IEA
GO:MF,GO:0017171,serine hydrolase activity,0.0006445863153917098,205,11,4,IDA;IDA;TAS;IEA;IDA;IMP;TAS;IEA;TAS;NAS;IEA
GO:CC,GO:0031982,vesicle,0.0008646806096344935,4032,11,9,IEA;TAS;IDA;HDA;TAS;HDA;TAS;IDA;HDA;TAS;HDA;HDA;IDA;ISS;IEA;HDA;TAS
GO:BP,GO:0032102,negative regulation of response to external stimulus,0.001102975638930634,393,11,5,IDA;IBA;IDA;IEA;IDA;IDA;IEA
GO:CC,GO:0098552,side of membrane,0.0015603244100951671,731,11,5,IC;IDA;IDA;IDA;IEA;IEA
GO:CC,GO:0005796,Golgi lumen,0.001715145940600882,105,11,3,TAS;IEA;TAS;TAS;IEA
GO:BP,GO:0051919,positive regulation of fibrinolysis,0.0017439656882974452,4,11,2,IDA;IDA
GO:CC,GO:0005783,endoplasmic reticulum,0.0017471865200952156,2119,11,7,TAS;IEA;TAS;IDA;TAS;IDA;TAS;TAS;IEA;IDA;IEA;TAS
GO:BP,GO:0080134,regulation of response to stress,0.0018465434002332794,1410,11,7,IC;IEA;IDA;IBA;IDA;IEA;IDA;IEA;IDA;TAS;IEA
REAC,REAC:R-HSA-140834,Extrinsic Pathway of Fibrin Clot Formation,0.0026901844462481994,5,11,2,REAC;REAC
GO:CC,GO:0071944,cell periphery,0.0027387366431352008,6263,11,10,IBA;TAS;NAS;IC;TAS;TAS;IDA;TAS;IDA;TAS;IMP;IC;IEA;TAS;IDA;IPI;IBA;TAS;NAS;IEA;IDA;ISS;IBA;TAS;IEA;TAS
GO:BP,GO:2000351,regulation of endothelial cell apoptotic process,0.0032262232402483016,55,11,3,IDA;IDA;IDA
GO:BP,GO:0016485,protein processing,0.0038958083309850247,215,11,4,IDA;IDA;IDA;IDA
REAC,REAC:R-HSA-9673221,Defective F9 activation,0.004033086362241963,6,11,2,REAC;REAC
GO:BP,GO:0072577,endothelial cell apoptotic process,0.004202147444829699,60,11,3,IDA;IDA;IDA
GO:CC,GO:0009986,cell surface,0.004347074868857971,904,11,5,IDA;HDA;IC;IDA;IDA;IDA;HDA;IEA;IEA
GO:CC,GO:1905286,serine-type peptidase complex,0.004377533421459878,20,11,2,IPI;IPI
GO:CC,GO:0030141,secretory granule,0.004393440018540999,906,11,5,TAS;IDA;TAS;TAS;TAS;TAS
GO:BP,GO:0009605,response to external stimulus,0.004417763916750216,2427,11,8,IC;IDA;IBA;IEA;IDA;IBA;IEA;IDA;IEA;IDA;IEA;IDA;TAS;IDA;IEA
GO:BP,GO:0090303,positive regulation of wound healing,0.004418233947079204,61,11,3,IC;IEA;IDA
GO:BP,GO:0010641,positive regulation of platelet-derived growth factor receptor signaling pathway,0.006098642026419496,7,11,2,IDA;IDA
GO:BP,GO:1903036,positive regulation of response to wounding,0.006140054915245178,68,11,3,IC;IEA;IDA
GO:BP,GO:0050918,positive chemotaxis,0.0069964342956954145,71,11,3,IC;IDA;IDA
REAC,REAC:R-HSA-163841,"Gamma carboxylation, hypusinylation, hydroxylation, and arylsulfatase activation",0.007278425058057041,60,11,3,REAC;REAC;REAC
GO:BP,GO:0007597,"blood coagulation, intrinsic pathway",0.008129196086240966,8,11,2,IBA;IPI;NAS
GO:MF,GO:0004175,endopeptidase activity,0.008975769585412208,400,11,4,IDA;IDA;TAS;IEA;IDA;IMP;IBA;TAS;IEA;TAS;NAS;IEA
REAC,REAC:R-HSA-159763,Transport of gamma-carboxylated protein precursors from the endoplasmic reticulum to the Golgi apparatus,0.009663654175488107,9,11,2,REAC;REAC
GO:CC,GO:0099503,secretory vesicle,0.010353285370435058,1084,11,5,TAS;IDA;TAS;TAS;TAS;TAS
REAC,REAC:R-HSA-159740,Gamma-carboxylation of protein precursors,0.01207301105648383,10,11,2,REAC;REAC
REAC,REAC:R-HSA-159782,Removal of aminoterminal propeptides from gamma-carboxylated proteins,0.01207301105648383,10,11,2,REAC;REAC
REAC,REAC:R-HSA-159854,"Gamma-carboxylation, transport, and amino-terminal cleavage of proteins",0.014747893054547394,11,11,2,REAC;REAC
GO:BP,GO:0051239,regulation of multicellular organismal process,0.0182533154257444,2923,11,8,IDA;IMP;IC;IEA;IDA;IBA;IDA;IEA;IDA;IEA;IDA;TAS;NAS;IDA;IMP;IBA;IEA;IEA
REAC,REAC:R-HSA-216083,Integrin cell surface interactions,0.020003402343658744,84,11,3,REAC;REAC;REAC
GO:CC,GO:0005886,plasma membrane,0.02225340550485124,5906,11,9,IBA;TAS;NAS;IC;TAS;TAS;IDA;TAS;IDA;TAS;TAS;IDA;IPI;TAS;NAS;IEA;IDA;ISS;IBA;TAS;IEA;TAS
GO:CC,GO:0070062,extracellular exosome,0.023241622713637305,2111,11,6,HDA;HDA;IDA;HDA;HDA;HDA;HDA
GO:BP,GO:0048008,platelet-derived growth factor receptor signaling pathway,0.02404743081938237,107,11,3,IDA;IDA;IEA
GO:CC,GO:1903561,extracellular vesicle,0.025139499811811516,2141,11,6,HDA;HDA;IDA;HDA;HDA;HDA;HDA
GO:CC,GO:0043230,extracellular organelle,0.025204843596316272,2142,11,6,HDA;HDA;IDA;HDA;HDA;HDA;HDA
GO:CC,GO:0065010,extracellular membrane-bounded organelle,0.025204843596316272,2142,11,6,HDA;HDA;IDA;HDA;HDA;HDA;HDA
GO:BP,GO:0006508,proteolysis,0.03558793097980193,801,11,5,IDA;IDA;IEA;IDA;IDA;IMP;IBA;IEA;IDA;IEA
GO:BP,GO:0051917,regulation of fibrinolysis,0.03938310578308323,17,11,2,IDA;IDA
REAC,REAC:R-HSA-1474244,Extracellular matrix organization,0.04400168026856887,298,11,4,REAC;REAC;REAC;REAC
KEGG,KEGG:04518,Integrin signaling,0.048103095857716945,154,11,3,KEGG;KEGG;KEGG
