cui,disease,symbol,score,pmids,year_initial
C2717961,Thrombotic Microangiopathies,ADAMTS13,1.0,150,2002
C2717961,Thrombotic Microangiopathies,CFH,0.8,26,2005
C2717961,Thrombotic Microangiopathies,VEGFA,0.75,23,2009
C2717961,Thrombotic Microangiopathies,CD46,0.65,7,2008
C2717961,Thrombotic Microangiopathies,TREX1,0.5,2,2018
C2717961,Thrombotic Microangiopathies,ATRIP-TREX1,0.4,1,2018
C2717961,Thrombotic Microangiopathies,ATRIP,0.4,1,2018
C0034155,TTP,ADAMTS13,1.15,174,1997
C0034155,TTP,THBD,0.6,4,1995
C0034155,TTP,HLA-DQB1,0.55,2,2010
C0034155,TTP,F3,0.4,1,1995
C0034155,TTP,TFPI,0.4,1,1995
C0034155,TTP,LOC130002910,0.4,0,
C1268935,Congenital TTP,ADAMTS13,1.15,182,1982
C1268935,Congenital TTP,LOC130002910,0.4,1,2002
C2931788,Atypical HUS,CFH,1.3,449,1978
C2931788,Atypical HUS,CD46,1.2,174,1992
C2931788,Atypical HUS,THBD,1.15,24,1993
C2931788,Atypical HUS,CFI,1.05,66,1993
C2931788,Atypical HUS,C3,1.0,162,1992
C2931788,Atypical HUS,CFB,0.9,68,1993
C2931788,Atypical HUS,DGKE,0.9,45,1993
C2931788,Atypical HUS,CFHR1,0.85,54,2007
C2931788,Atypical HUS,ADAMTS13,0.8,16,1993
C2931788,Atypical HUS,CFHR3,0.75,34,2007
C2931788,Atypical HUS,HBB,0.6,4,1993
C2931788,Atypical HUS,PLG,0.6,6,1993
C2931788,Atypical HUS,CFHR5,0.6,7,1993
C2931788,Atypical HUS,C1GALT1C1,0.5,4,1993
C2931788,Atypical HUS,VTN,0.5,1,2018
C2931788,Atypical HUS,LOC129932405,0.4,6,1993
C2931788,Atypical HUS,LOC106099062,0.4,3,1993
C2931788,Atypical HUS,MMACHC,0.4,3,1993
C2931788,Atypical HUS,NPHP3,0.4,3,1993
C2931788,Atypical HUS,SMARCAL1,0.4,3,1993
C2931788,Atypical HUS,COL4A5,0.4,3,1993
C2931788,Atypical HUS,CEP290,0.4,3,1993
C2931788,Atypical HUS,NPHP3-ACAD11,0.4,3,1993
C2931788,Atypical HUS,LOC107133510,0.4,3,1993
C2931788,Atypical HUS,TMEM67,0.4,3,1993
C0019061,Hemolytic-Uremic Syndrome,CD46,0.95,17,2003
C0019061,Hemolytic-Uremic Syndrome,CFH,0.85,74,1998
C0019061,Hemolytic-Uremic Syndrome,IL1B,0.65,6,1995
C0019061,Hemolytic-Uremic Syndrome,IL1RN,0.65,3,1998
C0019061,Hemolytic-Uremic Syndrome,TNF,0.6,8,1992
C0019061,Hemolytic-Uremic Syndrome,IL6,0.6,8,1995
C0019061,Hemolytic-Uremic Syndrome,DGKE,0.55,2,2015
C0019061,Hemolytic-Uremic Syndrome,CD36,0.55,1,2005
C0019061,Hemolytic-Uremic Syndrome,NQO1,0.5,1,2003
C0019061,Hemolytic-Uremic Syndrome,EPO,0.5,2,1998
C0019061,Hemolytic-Uremic Syndrome,MBL2,0.5,1,2003
C0019061,Hemolytic-Uremic Syndrome,C1GALT1C1,0.45,0,
C0019061,Hemolytic-Uremic Syndrome,TSEN2,0.4,1,2022
C0019061,Hemolytic-Uremic Syndrome,ALB,0.4,1,1984
C0019061,Hemolytic-Uremic Syndrome,IL1A,0.4,1,2004
C0019061,Hemolytic-Uremic Syndrome,PLA2G7,0.4,0,
C4055018,Familial aHUS,C3,0.5,11,2008
C4055018,Familial aHUS,CFH,0.5,9,2005
C4055018,Familial aHUS,CD46,0.4,11,2006
C5680355,Genetic HUS,CFH,0.4,1,2018
C2749604,aHUS susc1,CFH,0.5,59,1993
C2749604,aHUS susc1,CFHR1,0.45,7,1993
C2749604,aHUS susc1,CFHR3,0.45,4,1993
C2749604,aHUS susc1,C3AR1,0.4,3,1993
C2749604,aHUS susc1,C3,0.4,3,1993
C2749604,aHUS susc1,DGKE,0.4,3,1993
C2752036,aHUS susc6,THBD,0.5,13,1993
C2752037,aHUS susc5,C3,0.6,30,1991
C2752038,aHUS susc4,CFB,0.6,19,1981
C2752039,aHUS susc3,CFI,0.5,22,1993
C2752039,aHUS susc3,CFH,0.4,3,1993
C2752040,aHUS susc2,CD46,0.5,35,1987
C2752040,aHUS susc2,LOC129932405,0.4,3,1993
C3808620,aHUS susc7,DGKE,0.4,1,2013
C5679921,HUS-DGKE,DGKE,0.6,5,1993
C5680166,aHUS complement,CFB,0.4,1,1993
C5680166,aHUS complement,C3,0.4,1,1993
C5680166,aHUS complement,CFI,0.4,1,1993
C5680166,aHUS complement,CFH,0.4,1,1993
C5680166,aHUS complement,CD46,0.4,1,1993
